week,product_id,customer_id,quantity
1,1,18,1
1,1,253,1
1,1,84,1
1,1,278,1
1,2,221,1
1,2,403,1
1,3,439,1
1,3,178,1
1,3,412,1
1,4,385,1
1,4,427,1
1,4,215,1
1,4,171,1
1,5,103,1
1,5,24,1
1,5,16,1
1,6,74,1
1,6,369,1
1,6,12,1
1,6,88,1
1,7,217,1
1,7,351,1
1,7,202,1
1,8,444,1
1,8,391,1
1,8,77,1
1,8,251,1
1,8,434,1
1,8,272,1
1,9,100,1
1,9,154,1
1,9,359,1
1,9,493,1
1,10,53,1
1,10,123,1
1,10,206,1
1,10,224,1
1,10,407,1
1,11,98,1
1,12,169,1
1,13,330,1
1,13,426,1
1,13,366,1
1,13,382,1
1,13,301,1
1,13,346,1
1,13,489,1
1,14,169,1
1,14,6,1
1,14,405,1
1,15,443,1
1,15,218,1
1,15,90,1
1,15,162,1
1,16,221,1
1,16,290,1
1,16,75,1
1,16,163,1
1,16,500,1
1,16,45,1
1,17,359,1
1,17,201,1
1,17,78,1
1,18,220,1
1,18,383,1
1,18,300,1
1,18,483,1
1,18,289,1
1,18,225,1
1,18,396,1
1,19,172,1
1,19,138,1
1,20,37,1
1,20,374,1
1,20,279,1
1,21,175,1
1,21,150,1
1,21,37,1
1,22,209,1
1,22,273,1
1,22,245,1
1,22,367,1
1,23,293,1
1,23,362,1
1,24,248,1
1,25,288,1
1,25,49,1
1,25,78,1
1,25,59,1
1,26,15,1
1,26,46,1
1,27,229,1
1,27,438,1
1,28,360,1
1,29,459,1
1,29,459,1
1,29,416,1
1,30,364,1
1,30,468,1
1,30,101,1
1,30,258,1
1,30,67,1
1,30,455,1
1,31,75,1
1,33,416,1
1,34,478,1
1,34,111,1
1,35,325,1
1,35,326,1
1,35,499,1
1,35,118,1
1,35,455,1
1,35,240,1
1,35,171,1
1,39,476,1
1,39,75,1
1,39,259,1
1,40,473,1
1,42,74,1
1,43,152,1
1,43,11,1
1,43,57,1
1,45,40,1
1,45,117,1
1,45,350,1
1,45,197,1
1,46,71,1
1,46,153,1
1,46,268,1
1,46,398,1
1,46,384,1
1,47,158,1
1,47,46,1
1,47,144,1
1,47,86,1
1,47,94,1
1,47,171,1
1,48,116,1
1,48,143,1
1,48,133,1
1,48,19,1
1,48,218,1
1,49,345,1
1,49,329,1
1,49,165,1
1,49,324,1
1,50,177,1
1,51,426,1
1,51,86,1
1,51,333,1
1,51,269,1
1,52,454,1
1,52,239,1
1,52,106,1
1,52,406,1
1,52,398,1
1,52,9,1
1,55,8,1
1,55,274,1
1,55,404,1
1,55,271,1
1,55,392,1
1,56,289,1
1,56,167,1
1,58,9,1
1,58,274,1
1,59,380,1
1,59,231,1
1,59,324,1
1,60,448,1
1,60,97,1
1,60,435,1
1,62,199,1
1,63,185,1
1,63,107,1
1,63,125,1
1,63,392,1
1,63,493,1
1,63,257,1
1,64,498,1
1,64,73,1
1,65,90,1
1,65,17,1
1,65,73,1
1,65,269,1
1,66,322,1
1,66,7,1
1,66,150,1
1,66,8,1
1,66,486,1
1,66,208,1
1,67,474,1
1,67,352,1
1,68,468,1
1,68,173,1
1,68,17,1
1,68,405,1
1,69,235,1
1,70,293,1
1,70,247,1
1,70,470,1
1,71,500,1
1,71,150,1
1,71,389,1
1,71,414,1
1,71,338,1
1,71,34,1
1,72,373,1
1,72,302,1
1,73,107,1
1,74,136,1
1,74,368,1
1,74,410,1
1,75,90,1
1,75,376,1
1,75,73,1
1,75,347,1
1,76,368,1
1,76,421,1
1,77,358,1
1,78,165,1
1,78,365,1
1,78,325,1
1,78,182,1
1,78,153,1
1,79,47,1
1,79,422,1
1,79,392,1
1,80,147,1
1,80,212,1
1,81,313,1
1,81,169,1
1,82,233,1
1,83,241,1
1,83,118,1
1,83,237,1
1,84,445,1
1,85,447,1
1,86,274,1
1,86,176,1
1,86,341,1
1,86,383,1
1,87,201,1
1,87,123,1
1,87,119,1
1,87,319,1
1,87,231,1
1,87,100,1
1,87,67,1
1,88,417,1
1,89,270,1
1,89,371,1
1,89,139,1
1,89,47,1
1,90,92,1
1,90,475,1
1,90,435,1
1,90,19,1
1,90,251,1
1,90,270,1
1,92,205,1
1,92,22,1
1,92,279,1
1,92,222,1
1,93,81,1
1,93,386,1
1,93,65,1
1,93,273,1
1,94,149,1
1,94,273,1
1,95,188,1
1,95,498,1
1,96,321,1
1,96,63,1
1,96,473,1
1,97,437,1
1,97,360,1
1,97,353,1
1,97,38,1
1,97,77,1
1,97,74,1
1,98,23,1
1,98,181,1
1,98,185,1
1,98,116,1
1,99,247,1
1,99,9,1
1,99,217,1
1,99,202,1
1,99,42,1
1,99,113,1
1,100,272,1
1,101,57,1
1,101,325,1
1,101,102,1
1,103,3,1
1,103,439,1
1,103,151,1
1,103,126,1
1,104,384,1
1,105,134,1
1,105,494,1
1,105,404,1
1,105,99,1
1,106,107,1
1,106,470,1
1,108,121,1
1,108,254,1
1,108,311,1
1,108,486,1
1,108,442,1
1,109,8,1
1,110,247,1
1,110,288,1
1,110,96,1
1,110,184,1
1,110,237,1
1,111,158,1
1,111,268,1
1,111,145,1
1,112,237,1
1,113,260,1
1,114,253,1
1,114,12,1
1,114,494,1
1,114,373,1
1,115,393,1
1,115,389,1
1,115,112,1
1,116,486,1
1,116,15,1
1,116,330,1
1,116,498,1
1,116,309,1
1,116,177,1
1,117,106,1
1,117,117,1
1,118,260,1
1,118,206,1
1,119,434,1
1,119,151,1
1,119,119,1
1,119,383,1
1,119,96,1
1,120,429,1
1,121,487,1
1,121,165,1
1,122,481,1
1,122,294,1
1,122,34,1
1,122,318,1
1,122,157,1
1,122,136,1
1,123,171,1
1,123,92,1
1,123,176,1
1,123,397,1
1,124,384,1
1,124,497,1
1,124,110,1
1,125,233,1
1,125,147,1
1,125,128,1
1,125,75,1
1,126,210,1
1,126,309,1
1,126,481,1
1,126,194,1
1,127,494,1
1,127,13,1
1,127,344,1
1,127,257,1
1,127,339,1
1,128,481,1
1,128,98,1
1,128,135,1
1,128,194,1
1,128,365,1
1,129,412,1
1,129,135,1
1,129,421,1
1,129,446,1
1,130,454,1
1,130,123,1
1,131,227,1
1,131,173,1
1,131,331,1
1,131,467,1
1,131,157,1
1,132,411,1
1,132,484,1
1,133,273,1
1,133,478,1
1,133,166,1
1,133,352,1
1,133,238,1
1,133,45,1
1,134,323,1
1,134,290,1
1,134,196,1
1,135,249,1
1,135,229,1
1,135,413,1
1,135,210,1
1,136,371,1
1,136,69,1
1,137,107,1
1,138,204,1
1,138,39,1
1,138,232,1
1,139,79,1
1,139,493,1
1,139,382,1
1,140,124,1
1,141,392,1
1,141,395,1
1,141,198,1
1,141,451,1
1,142,348,1
1,142,293,1
1,142,281,1
1,143,106,1
1,143,141,1
1,143,194,1
1,143,468,1
1,144,382,1
1,144,412,1
1,144,33,1
1,144,289,1
1,144,236,1
1,145,353,1
1,145,122,1
1,146,356,1
1,146,210,1
1,146,20,1
1,146,391,1
1,146,234,1
1,146,117,1
1,147,383,1
1,147,4,1
1,147,389,1
1,147,242,1
1,147,371,1
1,147,202,1
1,148,493,1
1,148,9,1
1,148,190,1
1,148,15,1
1,149,195,1
1,149,42,1
1,149,256,1
1,149,319,1
1,149,343,1
1,149,394,1
1,149,73,1
1,149,80,1
1,149,32,1
1,150,178,1
1,150,164,1
1,151,344,1
1,151,57,1
1,151,184,1
1,151,408,1
1,151,64,1
1,152,121,1
1,153,286,1
1,153,50,1
1,153,236,1
1,154,242,1
1,154,3,1
1,155,477,1
1,155,86,1
1,157,305,1
1,157,157,1
1,157,284,1
1,157,177,1
1,157,151,1
1,158,105,1
1,158,362,1
1,158,365,1
1,159,259,1
1,159,404,1
1,159,129,1
1,159,15,1
1,159,188,1
1,159,467,1
1,161,184,1
1,161,315,1
1,161,200,1
1,161,468,1
1,161,68,1
1,161,334,1
1,161,2,1
1,162,466,1
1,163,446,1
1,163,141,1
1,163,444,1
1,164,67,1
1,164,192,1
1,164,268,1
1,164,75,1
1,164,364,1
1,164,42,1
1,164,468,1
1,165,417,1
1,165,197,1
1,165,136,1
1,166,172,1
1,166,305,1
1,167,213,1
1,167,138,1
1,167,287,1
1,167,150,1
1,167,354,1
1,168,151,1
1,168,16,1
1,169,360,1
1,169,308,1
1,169,78,1
1,169,362,1
1,169,399,1
1,170,366,1
1,170,163,1
1,171,283,1
1,172,409,1
1,172,139,1
1,172,323,1
1,173,235,1
1,173,425,1
1,173,142,1
1,174,462,1
1,174,337,1
1,174,244,1
1,174,362,1
1,175,239,1
1,176,5,1
1,176,396,1
1,176,260,1
1,176,225,1
1,176,249,1
1,177,372,1
1,177,206,1
1,177,430,1
1,177,136,1
1,177,387,1
1,177,130,1
1,178,339,1
1,179,4,1
1,179,362,1
1,179,354,1
1,179,32,1
1,180,467,1
1,180,100,1
1,180,304,1
1,180,151,1
1,181,50,1
1,182,305,1
1,183,30,1
1,183,259,1
1,183,451,1
1,184,228,1
1,184,274,1
1,185,390,1
1,186,263,1
1,186,273,1
1,186,379,1
1,187,384,1
1,187,304,1
1,187,96,1
1,188,451,1
1,188,286,1
1,188,130,1
1,189,357,1
1,190,411,1
1,190,98,1
1,191,246,1
1,191,186,1
1,191,332,1
1,192,31,1
1,192,274,1
1,193,48,1
1,194,236,1
1,194,117,1
1,194,249,1
1,194,359,1
1,194,60,1
1,195,121,1
1,196,344,1
1,197,280,1
1,197,348,1
1,198,163,1
1,198,147,1
1,199,23,1
1,199,124,1
1,200,409,1
1,200,253,1
1,200,373,1
2,1,12,1
2,2,28,1
2,2,176,1
2,3,93,1
2,3,105,1
2,3,100,1
2,4,354,1
2,4,280,1
2,5,61,1
2,5,414,1
2,6,399,1
2,6,54,1
2,6,462,1
2,7,327,1
2,8,204,1
2,8,387,1
2,8,127,1
2,8,102,1
2,8,10,1
2,8,301,1
2,8,222,1
2,8,9,1
2,8,275,1
2,9,357,1
2,9,253,1
2,10,156,1
2,10,151,1
2,10,277,1
2,10,321,1
2,11,313,1
2,11,118,1
2,12,438,1
2,12,238,1
2,12,182,1
2,14,491,1
2,14,123,1
2,14,136,1
2,14,484,1
2,15,161,1
2,16,364,1
2,16,406,1
2,17,452,1
2,17,53,1
2,17,81,1
2,18,85,1
2,18,105,1
2,18,440,1
2,19,235,1
2,19,172,1
2,19,357,1
2,19,295,1
2,19,124,1
2,19,197,1
2,20,115,1
2,20,120,1
2,20,95,1
2,20,118,1
2,20,496,1
2,20,221,1
2,21,457,1
2,21,121,1
2,21,418,1
2,21,197,1
2,22,51,1
2,22,424,1
2,22,252,1
2,22,500,1
2,22,5,1
2,22,460,1
2,22,203,1
2,23,91,1
2,24,247,1
2,24,217,1
2,25,362,1
2,25,434,1
2,25,247,1
2,25,461,1
2,25,496,1
2,26,384,1
2,26,364,1
2,27,15,1
2,27,68,1
2,27,347,1
2,27,113,1
2,28,15,1
2,28,224,1
2,28,146,1
2,29,388,1
2,29,285,1
2,29,229,1
2,29,31,1
2,30,144,1
2,30,433,1
2,30,373,1
2,31,475,1
2,32,89,1
2,32,500,1
2,33,310,1
2,33,381,1
2,33,104,1
2,34,15,1
2,34,311,1
2,34,231,1
2,35,96,1
2,35,369,1
2,35,457,1
2,36,333,1
2,37,364,1
2,37,418,1
2,37,227,1
2,37,375,1
2,37,202,1
2,38,157,1
2,38,360,1
2,38,135,1
2,39,425,1
2,39,175,1
2,39,29,1
2,39,463,1
2,39,417,1
2,40,283,1
2,41,144,1
2,41,434,1
2,41,119,1
2,41,461,1
2,41,298,1
2,41,206,1
2,42,426,1
2,42,180,1
2,42,72,1
2,42,97,1
2,43,226,1
2,44,70,1
2,44,330,1
2,44,138,1
2,44,117,1
2,45,30,1
2,45,497,1
2,45,312,1
2,46,210,1
2,47,459,1
2,48,367,1
2,48,139,1
2,48,168,1
2,48,310,1
2,49,186,1
2,49,283,1
2,49,314,1
2,50,409,1
2,50,359,1
2,50,493,1
2,51,371,1
2,51,166,1
2,51,244,1
2,51,368,1
2,52,461,1
2,52,90,1
2,53,261,1
2,53,178,1
2,53,99,1
2,53,158,1
2,54,112,1
2,54,336,1
2,55,321,1
2,56,199,1
2,57,267,1
2,57,407,1
2,58,385,1
2,58,32,1
2,58,500,1
2,59,487,1
2,59,312,1
2,59,274,1
2,59,91,1
2,60,473,1
2,61,213,1
2,61,218,1
2,61,391,1
2,61,112,1
2,61,392,1
2,62,84,1
2,63,36,1
2,63,494,1
2,63,226,1
2,63,132,1
2,63,397,1
2,64,432,1
2,64,18,1
2,64,380,1
2,65,475,1
2,65,2,1
2,65,308,1
2,65,88,1
2,66,322,1
2,66,152,1
2,66,98,1
2,67,338,1
2,67,168,1
2,68,213,1
2,68,69,1
2,68,497,1
2,69,64,1
2,69,443,1
2,69,195,1
2,70,185,1
2,70,237,1
2,71,185,1
2,71,455,1
2,71,469,1
2,72,436,1
2,72,175,1
2,73,190,1
2,74,214,1
2,74,230,1
2,74,36,1
2,74,238,1
2,75,322,1
2,75,228,1
2,75,177,1
2,75,145,1
2,75,64,1
2,76,35,1
2,76,126,1
2,76,362,1
2,76,377,1
2,76,402,1
2,77,329,1
2,77,412,1
2,78,362,1
2,78,351,1
2,78,207,1
2,78,388,1
2,78,303,1
2,79,387,1
2,79,440,1
2,79,396,1
2,80,341,1
2,80,108,1
2,81,73,1
2,81,116,1
2,81,207,1
2,82,175,1
2,82,109,1
2,82,91,1
2,82,349,1
2,83,36,1
2,83,284,1
2,84,483,1
2,84,60,1
2,85,12,1
2,85,496,1
2,85,238,1
2,85,78,1
2,85,252,1
2,86,140,1
2,86,326,1
2,86,413,1
2,86,399,1
2,88,372,1
2,89,341,1
2,89,404,1
2,89,399,1
2,89,121,1
2,89,229,1
2,89,337,1
2,91,109,1
2,91,319,1
2,91,264,1
2,91,320,1
2,92,471,1
2,92,65,1
2,92,450,1
2,92,7,1
2,92,356,1
2,93,349,1
2,94,368,1
2,95,54,1
2,95,327,1
2,96,259,1
2,97,412,1
2,97,220,1
2,98,462,1
2,99,162,1
2,99,274,1
2,100,389,1
2,101,486,1
2,101,117,1
2,101,449,1
2,102,479,1
2,102,32,1
2,102,75,1
2,102,134,1
2,102,308,1
2,102,356,1
2,102,114,1
2,102,171,1
2,103,170,1
2,103,483,1
2,104,220,1
2,104,285,1
2,104,496,1
2,105,499,1
2,107,78,1
2,107,374,1
2,108,161,1
2,108,293,1
2,109,88,1
2,109,417,1
2,109,242,1
2,109,302,1
2,110,252,1
2,110,357,1
2,110,245,1
2,111,435,1
2,111,256,1
2,112,449,1
2,112,309,1
2,112,384,1
2,112,318,1
2,113,214,1
2,113,471,1
2,113,264,1
2,114,33,1
2,114,83,1
2,114,172,1
2,114,122,1
2,115,236,1
2,115,144,1
2,117,416,1
2,117,278,1
2,117,369,1
2,118,18,1
2,118,140,1
2,118,377,1
2,119,170,1
2,119,257,1
2,119,300,1
2,119,405,1
2,119,410,1
2,119,86,1
2,119,326,1
2,120,119,1
2,120,85,1
2,120,348,1
2,120,384,1
2,120,166,1
2,122,4,1
2,122,387,1
2,122,227,1
2,122,449,1
2,123,26,1
2,123,405,1
2,123,224,1
2,124,196,1
2,124,376,1
2,124,245,1
2,125,274,1
2,125,292,1
2,125,100,1
2,125,261,1
2,126,249,1
2,126,454,1
2,126,111,1
2,126,426,1
2,126,367,1
2,127,166,1
2,127,125,1
2,127,255,1
2,128,138,1
2,128,439,1
2,128,259,1
2,128,138,1
2,128,76,1
2,128,147,1
2,131,193,1
2,131,53,1
2,131,35,1
2,132,284,1
2,132,136,1
2,133,378,1
2,133,486,1
2,133,128,1
2,133,348,1
2,134,206,1
2,137,488,1
2,137,475,1
2,137,268,1
2,137,295,1
2,137,269,1
2,138,217,1
2,138,373,1
2,139,203,1
2,139,405,1
2,139,10,1
2,139,297,1
2,140,369,1
2,140,90,1
2,140,106,1
2,141,183,1
2,141,421,1
2,141,204,1
2,142,62,1
2,142,43,1
2,142,473,1
2,142,335,1
2,143,130,1
2,144,307,1
2,144,143,1
2,145,78,1
2,145,298,1
2,145,1,1
2,145,470,1
2,146,253,1
2,146,464,1
2,146,143,1
2,146,232,1
2,146,489,1
2,147,58,1
2,148,141,1
2,148,304,1
2,148,213,1
2,148,396,1
2,149,300,1
2,149,378,1
2,149,142,1
2,150,215,1
2,150,70,1
2,150,135,1
2,150,85,1
2,150,408,1
2,150,266,1
2,151,42,1
2,151,417,1
2,151,302,1
2,152,383,1
2,153,259,1
2,153,300,1
2,154,445,1
2,154,460,1
2,155,455,1
2,155,422,1
2,155,190,1
2,156,472,1
2,157,476,1
2,157,461,1
2,157,269,1
2,158,299,1
2,158,147,1
2,158,347,1
2,158,30,1
2,159,343,1
2,159,79,1
2,159,237,1
2,159,241,1
2,160,108,1
2,160,273,1
2,161,156,1
2,161,147,1
2,161,486,1
2,162,273,1
2,162,411,1
2,162,155,1
2,162,336,1
2,163,38,1
2,164,409,1
2,164,362,1
2,164,420,1
2,165,214,1
2,165,337,1
2,165,479,1
2,165,283,1
2,165,3,1
2,165,231,1
2,165,208,1
2,166,419,1
2,167,490,1
2,167,95,1
2,167,217,1
2,167,453,1
2,167,494,1
2,168,481,1
2,168,421,1
2,168,355,1
2,168,277,1
2,169,106,1
2,170,419,1
2,170,24,1
2,170,385,1
2,171,289,1
2,171,338,1
2,171,98,1
2,171,325,1
2,172,213,1
2,172,69,1
2,173,13,1
2,173,455,1
2,173,422,1
2,173,317,1
2,173,69,1
2,173,260,1
2,173,72,1
2,173,386,1
2,174,26,1
2,174,354,1
2,174,59,1
2,174,66,1
2,174,157,1
2,175,499,1
2,175,300,1
2,175,6,1
2,176,374,1
2,176,178,1
2,176,76,1
2,176,344,1
2,176,485,1
2,177,207,1
2,177,65,1
2,178,137,1
2,178,137,1
2,178,439,1
2,179,196,1
2,179,439,1
2,180,272,1
2,180,343,1
2,180,4,1
2,181,359,1
2,181,466,1
2,182,276,1
2,183,176,1
2,183,492,1
2,184,56,1
2,184,248,1
2,185,277,1
2,185,399,1
2,185,331,1
2,185,288,1
2,186,494,1
2,186,435,1
2,186,201,1
2,187,200,1
2,187,432,1
2,187,210,1
2,188,414,1
2,188,273,1
2,188,191,1
2,189,179,1
2,189,79,1
2,189,129,1
2,189,213,1
2,189,194,1
2,189,198,1
2,190,331,1
2,190,54,1
2,190,72,1
2,190,453,1
2,191,479,1
2,191,320,1
2,191,205,1
2,192,417,1
2,192,297,1
2,192,455,1
2,192,173,1
2,193,404,1
2,193,249,1
2,194,300,1
2,194,93,1
2,194,139,1
2,195,35,1
2,195,71,1
2,195,387,1
2,196,93,1
2,196,344,1
2,196,251,1
2,196,464,1
2,196,462,1
2,197,375,1
2,197,5,1
2,197,178,1
2,198,13,1
2,198,71,1
2,199,353,1
2,199,413,1
2,199,350,1
2,199,173,1
2,199,393,1
2,200,165,1
2,200,47,1
2,200,269,1
2,200,27,1
2,200,151,1
3,1,139,1
3,3,174,1
3,3,360,1
3,3,487,1
3,3,292,1
3,3,304,1
3,4,95,1
3,4,312,1
3,4,38,1
3,4,312,1
3,4,106,1
3,5,427,1
3,5,215,1
3,6,206,1
3,6,186,1
3,7,340,1
3,7,416,1
3,7,198,1
3,8,167,1
3,8,493,1
3,8,251,1
3,8,129,1
3,8,246,1
3,8,489,1
3,9,39,1
3,9,355,1
3,9,47,1
3,10,413,1
3,10,7,1
3,10,5,1
3,10,22,1
3,11,247,1
3,11,229,1
3,11,87,1
3,11,113,1
3,12,187,1
3,12,395,1
3,13,492,1
3,13,140,1
3,13,439,1
3,14,220,1
3,14,67,1
3,14,408,1
3,15,291,1
3,15,463,1
3,15,412,1
3,15,312,1
3,16,142,1
3,16,44,1
3,16,349,1
3,16,344,1
3,16,29,1
3,16,280,1
3,16,16,1
3,17,125,1
3,17,381,1
3,17,466,1
3,17,308,1
3,18,497,1
3,18,439,1
3,18,14,1
3,19,7,1
3,19,98,1
3,21,77,1
3,21,20,1
3,22,398,1
3,22,3,1
3,22,467,1
3,22,472,1
3,22,8,1
3,22,55,1
3,22,499,1
3,23,44,1
3,23,476,1
3,23,387,1
3,23,360,1
3,23,300,1
3,24,59,1
3,24,282,1
3,25,158,1
3,25,325,1
3,26,446,1
3,26,358,1
3,26,89,1
3,26,240,1
3,26,160,1
3,27,21,1
3,27,282,1
3,27,164,1
3,27,348,1
3,27,245,1
3,27,475,1
3,27,425,1
3,28,446,1
3,28,334,1
3,28,260,1
3,28,477,1
3,28,368,1
3,28,148,1
3,29,248,1
3,29,413,1
3,30,483,1
3,30,474,1
3,31,296,1
3,31,407,1
3,32,217,1
3,32,15,1
3,32,305,1
3,32,65,1
3,33,135,1
3,34,77,1
3,34,20,1
3,34,317,1
3,34,31,1
3,35,395,1
3,35,173,1
3,35,266,1
3,36,300,1
3,36,469,1
3,36,390,1
3,37,402,1
3,37,254,1
3,37,476,1
3,37,182,1
3,38,272,1
3,39,256,1
3,39,318,1
3,40,278,1
3,40,150,1
3,41,112,1
3,41,345,1
3,41,247,1
3,42,453,1
3,43,133,1
3,43,460,1
3,44,390,1
3,44,292,1
3,44,21,1
3,44,321,1
3,44,408,1
3,45,111,1
3,45,44,1
3,45,160,1
3,45,391,1
3,46,79,1
3,46,213,1
3,46,387,1
3,47,492,1
3,48,437,1
3,48,359,1
3,48,53,1
3,48,308,1
3,48,335,1
3,49,237,1
3,49,141,1
3,49,471,1
3,49,127,1
3,50,196,1
3,50,296,1
3,50,348,1
3,50,167,1
3,52,100,1
3,52,132,1
3,53,452,1
3,53,57,1
3,55,500,1
3,55,437,1
3,55,155,1
3,55,457,1
3,55,172,1
3,56,197,1
3,56,98,1
3,57,104,1
3,57,479,1
3,57,399,1
3,58,54,1
3,58,28,1
3,58,77,1
3,58,128,1
3,58,314,1
3,59,187,1
3,59,108,1
3,60,59,1
3,60,443,1
3,60,406,1
3,62,87,1
3,62,200,1
3,63,227,1
3,63,11,1
3,63,286,1
3,63,152,1
3,64,106,1
3,64,390,1
3,65,31,1
3,65,176,1
3,66,426,1
3,67,354,1
3,67,316,1
3,67,80,1
3,67,439,1
3,68,321,1
3,68,242,1
3,68,113,1
3,68,431,1
3,68,280,1
3,69,219,1
3,69,125,1
3,69,495,1
3,70,202,1
3,70,246,1
3,71,356,1
3,71,406,1
3,72,151,1
3,72,288,1
3,73,31,1
3,73,443,1
3,73,199,1
3,74,443,1
3,75,490,1
3,75,219,1
3,75,280,1
3,75,491,1
3,75,207,1
3,76,287,1
3,76,177,1
3,77,496,1
3,77,193,1
3,77,126,1
3,78,233,1
3,79,378,1
3,79,319,1
3,79,201,1
3,79,224,1
3,79,265,1
3,79,270,1
3,79,156,1
3,80,24,1
3,80,261,1
3,80,438,1
3,80,385,1
3,81,28,1
3,81,48,1
3,81,19,1
3,82,161,1
3,83,311,1
3,84,253,1
3,84,107,1
3,84,126,1
3,85,308,1
3,85,17,1
3,85,271,1
3,85,2,1
3,86,61,1
3,87,373,1
3,88,8,1
3,88,95,1
3,88,174,1
3,88,76,1
3,88,305,1
3,89,458,1
3,89,313,1
3,89,296,1
3,90,12,1
3,91,134,1
3,91,344,1
3,91,192,1
3,91,27,1
3,92,415,1
3,92,346,1
3,92,462,1
3,92,458,1
3,93,482,1
3,93,298,1
3,93,76,1
3,94,415,1
3,94,257,1
3,94,494,1
3,95,383,1
3,96,468,1
3,96,326,1
3,96,446,1
3,96,140,1
3,96,483,1
3,97,168,1
3,99,494,1
3,101,257,1
3,101,376,1
3,102,388,1
3,102,263,1
3,102,431,1
3,102,59,1
3,103,290,1
3,103,23,1
3,103,418,1
3,103,325,1
3,104,297,1
3,104,340,1
3,104,101,1
3,104,451,1
3,104,213,1
3,105,35,1
3,105,1,1
3,105,244,1
3,105,76,1
3,107,36,1
3,107,447,1
3,107,2,1
3,107,6,1
3,108,152,1
3,108,374,1
3,109,312,1
3,109,447,1
3,109,445,1
3,110,194,1
3,110,44,1
3,110,138,1
3,110,114,1
3,111,190,1
3,111,290,1
3,111,107,1
3,111,171,1
3,111,261,1
3,111,215,1
3,111,120,1
3,111,340,1
3,112,154,1
3,112,61,1
3,112,76,1
3,113,400,1
3,113,452,1
3,113,327,1
3,113,190,1
3,114,341,1
3,114,162,1
3,114,116,1
3,114,491,1
3,114,114,1
3,114,225,1
3,115,398,1
3,115,416,1
3,115,458,1
3,116,297,1
3,116,490,1
3,116,105,1
3,116,223,1
3,116,176,1
3,116,411,1
3,117,316,1
3,117,214,1
3,117,316,1
3,117,91,1
3,118,226,1
3,118,212,1
3,118,338,1
3,118,266,1
3,118,477,1
3,118,312,1
3,118,455,1
3,119,390,1
3,119,135,1
3,119,339,1
3,120,167,1
3,120,250,1
3,120,341,1
3,121,414,1
3,121,186,1
3,121,378,1
3,122,125,1
3,122,33,1
3,123,110,1
3,123,324,1
3,123,464,1
3,123,24,1
3,124,7,1
3,124,431,1
3,124,285,1
3,124,146,1
3,125,226,1
3,125,179,1
3,125,306,1
3,126,378,1
3,126,410,1
3,126,353,1
3,126,83,1
3,126,317,1
3,126,401,1
3,127,27,1
3,127,61,1
3,127,439,1
3,127,178,1
3,127,394,1
3,127,384,1
3,128,111,1
3,129,391,1
3,129,220,1
3,130,365,1
3,130,325,1
3,130,341,1
3,131,295,1
3,131,116,1
3,132,46,1
3,132,90,1
3,133,223,1
3,133,468,1
3,134,258,1
3,135,89,1
3,135,467,1
3,135,487,1
3,137,305,1
3,138,415,1
3,138,422,1
3,138,475,1
3,139,255,1
3,139,215,1
3,140,222,1
3,140,132,1
3,140,354,1
3,140,328,1
3,140,298,1
3,141,59,1
3,141,151,1
3,141,31,1
3,142,412,1
3,142,313,1
3,142,426,1
3,142,188,1
3,142,70,1
3,143,259,1
3,143,58,1
3,144,456,1
3,144,388,1
3,144,146,1
3,144,98,1
3,145,28,1
3,145,231,1
3,145,192,1
3,146,190,1
3,146,493,1
3,146,304,1
3,146,300,1
3,146,450,1
3,147,59,1
3,148,345,1
3,148,256,1
3,149,46,1
3,149,215,1
3,149,356,1
3,149,233,1
3,149,205,1
3,150,325,1
3,151,28,1
3,151,494,1
3,151,249,1
3,151,349,1
3,152,292,1
3,152,271,1
3,152,340,1
3,152,74,1
3,152,433,1
3,152,220,1
3,153,88,1
3,154,226,1
3,154,440,1
3,154,480,1
3,154,387,1
3,155,420,1
3,155,235,1
3,155,351,1
3,155,453,1
3,155,240,1
3,156,258,1
3,156,334,1
3,156,184,1
3,156,294,1
3,156,335,1
3,156,93,1
3,157,375,1
3,157,277,1
3,158,464,1
3,158,200,1
3,158,188,1
3,159,353,1
3,159,192,1
3,159,36,1
3,159,124,1
3,160,311,1
3,160,208,1
3,160,338,1
3,161,23,1
3,161,45,1
3,161,380,1
3,161,480,1
3,163,45,1
3,163,430,1
3,163,463,1
3,163,203,1
3,165,260,1
3,165,31,1
3,165,394,1
3,165,79,1
3,165,39,1
3,166,269,1
3,166,217,1
3,166,354,1
3,166,48,1
3,167,147,1
3,167,179,1
3,167,76,1
3,168,460,1
3,168,102,1
3,168,24,1
3,168,81,1
3,168,142,1
3,169,411,1
3,169,18,1
3,170,142,1
3,171,270,1
3,171,363,1
3,172,499,1
3,172,246,1
3,172,454,1
3,172,77,1
3,172,362,1
3,173,366,1
3,174,461,1
3,174,195,1
3,175,169,1
3,175,486,1
3,175,300,1
3,175,39,1
3,175,426,1
3,175,70,1
3,175,493,1
3,176,239,1
3,176,157,1
3,176,346,1
3,177,18,1
3,178,168,1
3,178,382,1
3,178,336,1
3,178,113,1
3,178,494,1
3,178,307,1
3,179,350,1
3,179,324,1
3,180,235,1
3,180,84,1
3,181,462,1
3,181,468,1
3,182,356,1
3,182,179,1
3,182,243,1
3,183,21,1
3,184,183,1
3,184,418,1
3,184,252,1
3,184,109,1
3,185,398,1
3,185,82,1
3,186,3,1
3,186,435,1
3,188,190,1
3,188,22,1
3,189,460,1
3,190,379,1
3,190,170,1
3,191,133,1
3,191,350,1
3,191,156,1
3,192,345,1
3,192,122,1
3,192,53,1
3,192,102,1
3,193,25,1
3,193,435,1
3,193,344,1
3,193,105,1
3,194,94,1
3,194,170,1
3,194,37,1
3,195,29,1
3,195,179,1
3,195,118,1
3,195,401,1
3,196,71,1
3,196,332,1
3,197,297,1
3,197,299,1
3,197,345,1
3,198,216,1
3,198,370,1
3,198,355,1
3,198,108,1
3,198,68,1
3,199,378,1
3,199,99,1
3,199,121,1
3,199,6,1
3,200,347,1
3,200,27,1
4,1,44,1
4,2,335,1
4,2,235,1
4,2,483,1
4,2,437,1
4,2,65,1
4,2,470,1
4,3,14,1
4,3,248,1
4,3,472,1
4,5,389,1
4,5,178,1
4,6,407,1
4,6,417,1
4,6,390,1
4,7,70,1
4,7,128,1
4,7,372,1
4,8,211,1
4,8,294,1
4,8,290,1
4,8,364,1
4,9,44,1
4,9,197,1
4,10,10,1
4,10,100,1
4,11,181,1
4,11,119,1
4,12,170,1
4,13,499,1
4,13,278,1
4,13,478,1
4,13,467,1
4,14,85,1
4,14,373,1
4,14,191,1
4,14,466,1
4,15,292,1
4,15,260,1
4,15,247,1
4,16,267,1
4,16,465,1
4,16,483,1
4,16,60,1
4,16,186,1
4,17,320,1
4,17,473,1
4,17,172,1
4,17,395,1
4,18,167,1
4,18,227,1
4,19,208,1
4,19,161,1
4,19,458,1
4,20,328,1
4,20,389,1
4,20,180,1
4,21,53,1
4,21,369,1
4,21,97,1
4,22,137,1
4,23,209,1
4,23,24,1
4,23,418,1
4,23,221,1
4,23,453,1
4,23,461,1
4,24,226,1
4,24,280,1
4,24,3,1
4,24,376,1
4,24,231,1
4,25,104,1
4,25,215,1
4,25,131,1
4,25,32,1
4,25,380,1
4,25,456,1
4,25,492,1
4,25,113,1
4,26,103,1
4,26,368,1
4,26,227,1
4,26,199,1
4,27,101,1
4,27,11,1
4,27,427,1
4,28,188,1
4,28,4,1
4,28,452,1
4,28,240,1
4,29,347,1
4,29,118,1
4,29,232,1
4,30,187,1
4,30,166,1
4,31,375,1
4,32,358,1
4,32,64,1
4,32,364,1
4,32,24,1
4,33,430,1
4,33,149,1
4,33,495,1
4,33,265,1
4,34,99,1
4,34,364,1
4,34,227,1
4,35,74,1
4,35,346,1
4,35,287,1
4,35,475,1
4,35,464,1
4,35,401,1
4,36,202,1
4,36,460,1
4,36,228,1
4,36,89,1
4,37,207,1
4,37,462,1
4,37,156,1
4,37,35,1
4,37,411,1
4,37,191,1
4,37,108,1
4,38,157,1
4,39,171,1
4,40,132,1
4,41,164,1
4,42,345,1
4,43,346,1
4,43,461,1
4,43,431,1
4,45,260,1
4,45,379,1
4,45,203,1
4,46,359,1
4,46,30,1
4,46,140,1
4,46,292,1
4,48,420,1
4,49,466,1
4,49,64,1
4,49,330,1
4,49,173,1
4,49,236,1
4,50,202,1
4,50,76,1
4,50,119,1
4,50,157,1
4,52,380,1
4,52,89,1
4,52,249,1
4,52,163,1
4,52,175,1
4,53,32,1
4,53,297,1
4,53,479,1
4,53,314,1
4,53,289,1
4,54,349,1
4,54,82,1
4,54,278,1
4,54,263,1
4,54,435,1
4,55,122,1
4,56,375,1
4,56,229,1
4,58,414,1
4,58,23,1
4,58,96,1
4,59,303,1
4,60,248,1
4,60,454,1
4,60,25,1
4,61,360,1
4,61,332,1
4,61,28,1
4,62,473,1
4,62,320,1
4,62,320,1
4,62,225,1
4,62,279,1
4,63,103,1
4,63,400,1
4,64,9,1
4,64,31,1
4,64,361,1
4,64,10,1
4,64,41,1
4,64,81,1
4,65,352,1
4,65,415,1
4,65,409,1
4,66,216,1
4,66,298,1
4,66,423,1
4,66,386,1
4,67,255,1
4,67,82,1
4,68,76,1
4,68,277,1
4,69,188,1
4,69,324,1
4,70,270,1
4,70,239,1
4,70,30,1
4,70,455,1
4,71,65,1
4,71,360,1
4,72,252,1
4,72,280,1
4,73,236,1
4,73,207,1
4,73,383,1
4,74,395,1
4,74,191,1
4,74,282,1
4,75,251,1
4,75,90,1
4,76,164,1
4,76,472,1
4,76,467,1
4,76,404,1
4,77,283,1
4,77,399,1
4,77,69,1
4,77,79,1
4,77,259,1
4,77,455,1
4,78,241,1
4,78,64,1
4,78,105,1
4,78,214,1
4,78,486,1
4,78,262,1
4,79,43,1
4,79,364,1
4,80,92,1
4,80,241,1
4,80,30,1
4,81,476,1
4,81,330,1
4,81,67,1
4,82,110,1
4,83,257,1
4,84,413,1
4,84,445,1
4,85,441,1
4,85,49,1
4,85,188,1
4,86,187,1
4,86,303,1
4,86,246,1
4,88,204,1
4,88,235,1
4,88,399,1
4,88,171,1
4,89,21,1
4,90,50,1
4,90,492,1
4,91,140,1
4,91,371,1
4,91,421,1
4,92,191,1
4,92,110,1
4,93,47,1
4,94,317,1
4,94,321,1
4,95,340,1
4,96,293,1
4,96,79,1
4,96,267,1
4,96,19,1
4,96,279,1
4,97,209,1
4,97,414,1
4,98,341,1
4,98,434,1
4,98,139,1
4,98,459,1
4,98,264,1
4,98,226,1
4,98,397,1
4,98,100,1
4,99,364,1
4,99,463,1
4,99,177,1
4,100,334,1
4,100,433,1
4,101,469,1
4,101,282,1
4,101,210,1
4,101,56,1
4,102,297,1
4,103,3,1
4,103,236,1
4,103,470,1
4,104,476,1
4,104,242,1
4,104,127,1
4,104,294,1
4,104,452,1
4,104,175,1
4,104,495,1
4,105,168,1
4,105,258,1
4,106,465,1
4,106,243,1
4,107,46,1
4,107,194,1
4,107,365,1
4,107,497,1
4,107,302,1
4,108,446,1
4,108,242,1
4,108,135,1
4,108,47,1
4,108,363,1
4,108,386,1
4,109,46,1
4,110,34,1
4,110,23,1
4,110,155,1
4,110,231,1
4,110,333,1
4,111,16,1
4,111,364,1
4,111,354,1
4,111,469,1
4,112,293,1
4,112,41,1
4,112,96,1
4,112,491,1
4,112,139,1
4,113,286,1
4,113,358,1
4,114,60,1
4,114,318,1
4,114,339,1
4,116,436,1
4,116,365,1
4,116,355,1
4,116,9,1
4,116,485,1
4,116,93,1
4,116,76,1
4,116,409,1
4,117,226,1
4,117,2,1
4,117,115,1
4,117,466,1
4,118,244,1
4,118,193,1
4,118,170,1
4,121,22,1
4,121,262,1
4,121,373,1
4,121,428,1
4,121,59,1
4,122,206,1
4,122,392,1
4,122,302,1
4,123,298,1
4,123,144,1
4,123,31,1
4,123,97,1
4,124,334,1
4,124,1,1
4,124,181,1
4,124,27,1
4,124,158,1
4,124,199,1
4,125,155,1
4,125,480,1
4,125,301,1
4,125,398,1
4,126,161,1
4,126,36,1
4,127,391,1
4,127,225,1
4,127,45,1
4,128,166,1
4,129,51,1
4,129,215,1
4,130,122,1
4,130,364,1
4,131,161,1
4,131,113,1
4,131,315,1
4,131,212,1
4,131,92,1
4,131,117,1
4,132,95,1
4,132,218,1
4,132,126,1
4,132,310,1
4,133,113,1
4,133,111,1
4,133,85,1
4,133,258,1
4,133,311,1
4,133,328,1
4,133,67,1
4,134,204,1
4,134,171,1
4,135,406,1
4,135,32,1
4,135,303,1
4,136,71,1
4,136,69,1
4,136,210,1
4,137,357,1
4,137,375,1
4,137,104,1
4,138,359,1
4,139,280,1
4,139,257,1
4,139,311,1
4,140,420,1
4,140,161,1
4,140,292,1
4,140,437,1
4,140,357,1
4,141,490,1
4,142,389,1
4,142,201,1
4,142,197,1
4,142,473,1
4,143,473,1
4,143,206,1
4,144,404,1
4,145,29,1
4,146,188,1
4,146,147,1
4,146,62,1
4,147,202,1
4,147,414,1
4,147,172,1
4,148,291,1
4,148,445,1
4,149,103,1
4,149,195,1
4,149,451,1
4,150,77,1
4,150,418,1
4,151,118,1
4,152,76,1
4,153,496,1
4,153,310,1
4,153,399,1
4,153,349,1
4,154,334,1
4,154,126,1
4,154,7,1
4,155,94,1
4,155,421,1
4,155,36,1
4,156,446,1
4,156,15,1
4,156,191,1
4,156,39,1
4,156,250,1
4,157,179,1
4,157,261,1
4,158,206,1
4,158,252,1
4,158,292,1
4,158,422,1
4,158,310,1
4,158,113,1
4,159,173,1
4,159,108,1
4,159,23,1
4,159,364,1
4,159,208,1
4,159,157,1
4,160,444,1
4,160,229,1
4,160,379,1
4,160,130,1
4,160,106,1
4,161,132,1
4,161,328,1
4,161,240,1
4,162,422,1
4,162,151,1
4,162,302,1
4,162,219,1
4,162,413,1
4,162,281,1
4,162,389,1
4,163,229,1
4,163,254,1
4,163,450,1
4,163,462,1
4,164,14,1
4,164,185,1
4,164,67,1
4,164,74,1
4,164,437,1
4,164,337,1
4,164,45,1
4,165,496,1
4,165,328,1
4,165,174,1
4,165,455,1
4,166,392,1
4,166,352,1
4,167,257,1
4,167,441,1
4,167,331,1
4,167,265,1
4,168,186,1
4,168,379,1
4,168,269,1
4,168,457,1
4,169,209,1
4,169,310,1
4,170,313,1
4,170,453,1
4,170,13,1
4,171,143,1
4,171,403,1
4,171,427,1
4,171,47,1
4,171,7,1
4,171,65,1
4,171,138,1
4,172,247,1
4,172,49,1
4,172,292,1
4,173,334,1
4,173,235,1
4,173,102,1
4,173,405,1
4,174,458,1
4,174,188,1
4,174,30,1
4,175,56,1
4,175,500,1
4,175,477,1
4,176,486,1
4,176,456,1
4,177,265,1
4,177,37,1
4,177,319,1
4,178,432,1
4,178,144,1
4,178,117,1
4,178,155,1
4,179,29,1
4,179,220,1
4,179,195,1
4,180,224,1
4,180,462,1
4,180,299,1
4,180,435,1
4,180,362,1
4,180,290,1
4,180,191,1
4,180,483,1
4,180,191,1
4,181,371,1
4,181,210,1
4,181,448,1
4,181,489,1
4,182,153,1
4,182,233,1
4,182,200,1
4,183,382,1
4,183,111,1
4,184,307,1
4,184,491,1
4,184,208,1
4,184,68,1
4,186,130,1
4,186,130,1
4,186,35,1
4,186,178,1
4,188,295,1
4,188,276,1
4,188,164,1
4,188,158,1
4,188,364,1
4,188,443,1
4,189,76,1
4,189,310,1
4,189,127,1
4,189,406,1
4,190,55,1
4,190,233,1
4,190,131,1
4,190,267,1
4,190,11,1
4,190,220,1
4,192,104,1
4,192,239,1
4,192,395,1
4,193,244,1
4,193,316,1
4,193,362,1
4,193,389,1
4,193,377,1
4,193,183,1
4,193,111,1
4,194,53,1
4,194,113,1
4,194,500,1
4,195,124,1
4,195,147,1
4,196,388,1
4,197,255,1
4,197,258,1
4,198,317,1
4,198,423,1
4,198,119,1
4,198,103,1
4,198,388,1
4,198,382,1
4,200,494,1
4,200,98,1
4,200,99,1
4,200,22,1
5,1,205,1
5,1,23,1
5,2,385,1
5,2,499,1
5,3,125,1
5,4,487,1
5,5,150,1
5,6,113,1
5,6,276,1
5,6,259,1
5,6,462,1
5,6,145,1
5,7,217,1
5,8,478,1
5,8,111,1
5,8,386,1
5,9,89,1
5,9,492,1
5,10,14,1
5,11,254,1
5,11,429,1
5,11,46,1
5,11,222,1
5,11,51,1
5,11,389,1
5,12,211,1
5,12,143,1
5,12,47,1
5,13,120,1
5,13,431,1
5,13,21,1
5,14,324,1
5,14,31,1
5,14,162,1
5,14,337,1
5,15,347,1
5,15,203,1
5,15,104,1
5,15,22,1
5,16,397,1
5,16,52,1
5,16,338,1
5,17,269,1
5,17,371,1
5,18,393,1
5,18,296,1
5,18,351,1
5,19,400,1
5,20,191,1
5,21,404,1
5,21,422,1
5,22,306,1
5,22,290,1
5,22,148,1
5,22,471,1
5,22,273,1
5,22,395,1
5,23,216,1
5,23,481,1
5,23,71,1
5,24,448,1
5,24,352,1
5,24,46,1
5,24,22,1
5,25,98,1
5,26,242,1
5,26,15,1
5,27,163,1
5,27,374,1
5,28,98,1
5,29,237,1
5,29,483,1
5,29,457,1
5,29,210,1
5,30,185,1
5,30,134,1
5,30,414,1
5,31,381,1
5,31,495,1
5,32,183,1
5,32,180,1
5,33,129,1
5,34,251,1
5,34,123,1
5,34,388,1
5,34,491,1
5,35,204,1
5,35,47,1
5,35,144,1
5,35,78,1
5,35,1,1
5,37,498,1
5,37,274,1
5,37,122,1
5,37,16,1
5,38,158,1
5,38,80,1
5,38,124,1
5,41,269,1
5,41,198,1
5,41,359,1
5,41,370,1
5,41,454,1
5,42,297,1
5,42,338,1
5,43,279,1
5,44,354,1
5,44,186,1
5,44,401,1
5,44,155,1
5,44,61,1
5,45,13,1
5,45,411,1
5,45,100,1
5,45,104,1
5,46,23,1
5,47,452,1
5,47,227,1
5,47,484,1
5,47,87,1
5,48,212,1
5,49,51,1
5,50,401,1
5,50,469,1
5,51,385,1
5,51,439,1
5,51,177,1
5,51,98,1
5,51,116,1
5,51,224,1
5,52,204,1
5,52,340,1
5,52,326,1
5,52,93,1
5,53,47,1
5,53,35,1
5,53,191,1
5,53,484,1
5,53,285,1
5,54,181,1
5,54,127,1
5,55,106,1
5,56,116,1
5,56,331,1
5,56,285,1
5,57,417,1
5,58,138,1
5,58,275,1
5,58,193,1
5,59,420,1
5,60,117,1
5,60,316,1
5,60,39,1
5,60,474,1
5,61,190,1
5,61,389,1
5,61,90,1
5,61,33,1
5,62,391,1
5,62,423,1
5,62,96,1
5,62,49,1
5,63,118,1
5,63,187,1
5,64,369,1
5,64,223,1
5,64,407,1
5,64,81,1
5,65,26,1
5,65,86,1
5,66,233,1
5,66,428,1
5,66,161,1
5,66,297,1
5,67,175,1
5,67,466,1
5,67,153,1
5,67,58,1
5,68,153,1
5,69,499,1
5,69,119,1
5,70,5,1
5,70,212,1
5,70,428,1
5,70,390,1
5,70,455,1
5,71,263,1
5,71,127,1
5,72,353,1
5,72,264,1
5,73,112,1
5,73,435,1
5,73,76,1
5,74,1,1
5,74,453,1
5,74,140,1
5,74,483,1
5,75,361,1
5,75,124,1
5,75,133,1
5,76,265,1
5,76,283,1
5,76,115,1
5,77,387,1
5,77,120,1
5,77,273,1
5,78,335,1
5,78,304,1
5,79,412,1
5,80,40,1
5,80,403,1
5,80,53,1
5,81,155,1
5,81,19,1
5,81,177,1
5,82,101,1
5,82,377,1
5,82,8,1
5,83,103,1
5,83,355,1
5,83,275,1
5,83,381,1
5,84,458,1
5,84,33,1
5,84,258,1
5,84,281,1
5,85,216,1
5,85,245,1
5,85,170,1
5,87,384,1
5,87,167,1
5,88,148,1
5,88,265,1
5,89,333,1
5,90,254,1
5,90,94,1
5,90,88,1
5,90,496,1
5,90,288,1
5,91,246,1
5,91,332,1
5,91,177,1
5,91,459,1
5,91,251,1
5,92,52,1
5,92,495,1
5,92,205,1
5,92,278,1
5,92,46,1
5,93,62,1
5,93,60,1
5,93,288,1
5,94,138,1
5,94,93,1
5,94,73,1
5,94,467,1
5,95,397,1
5,95,386,1
5,95,220,1
5,95,347,1
5,95,46,1
5,97,58,1
5,97,358,1
5,98,218,1
5,99,92,1
5,99,95,1
5,99,436,1
5,99,276,1
5,99,240,1
5,99,179,1
5,100,104,1
5,100,305,1
5,100,313,1
5,100,125,1
5,101,289,1
5,101,358,1
5,103,220,1
5,103,50,1
5,103,3,1
5,104,400,1
5,105,148,1
5,105,486,1
5,106,259,1
5,106,320,1
5,106,208,1
5,106,382,1
5,106,404,1
5,106,214,1
5,107,223,1
5,107,171,1
5,107,81,1
5,107,228,1
5,108,451,1
5,108,146,1
5,108,108,1
5,109,25,1
5,109,188,1
5,109,403,1
5,110,436,1
5,110,197,1
5,110,352,1
5,112,419,1
5,112,9,1
5,112,260,1
5,112,106,1
5,112,90,1
5,112,118,1
5,113,278,1
5,114,257,1
5,115,298,1
5,116,279,1
5,116,419,1
5,116,119,1
5,117,168,1
5,117,290,1
5,117,405,1
5,119,204,1
5,119,368,1
5,120,492,1
5,120,261,1
5,120,396,1
5,120,431,1
5,120,359,1
5,120,105,1
5,120,127,1
5,121,43,1
5,121,136,1
5,121,181,1
5,122,354,1
5,122,449,1
5,123,452,1
5,123,353,1
5,123,420,1
5,123,63,1
5,124,454,1
5,124,122,1
5,124,232,1
5,124,82,1
5,124,473,1
5,124,434,1
5,125,31,1
5,125,20,1
5,125,193,1
5,126,459,1
5,126,33,1
5,126,427,1
5,126,32,1
5,127,1,1
5,127,14,1
5,127,70,1
5,127,42,1
5,127,373,1
5,127,377,1
5,128,323,1
5,128,425,1
5,128,125,1
5,129,289,1
5,130,45,1
5,130,432,1
5,131,357,1
5,131,269,1
5,131,157,1
5,134,345,1
5,134,476,1
5,134,397,1
5,134,364,1
5,135,47,1
5,135,88,1
5,136,34,1
5,136,452,1
5,138,55,1
5,138,187,1
5,139,71,1
5,140,484,1
5,141,91,1
5,141,411,1
5,142,406,1
5,142,370,1
5,142,137,1
5,142,35,1
5,143,18,1
5,145,127,1
5,145,494,1
5,146,164,1
5,147,255,1
5,149,456,1
5,149,226,1
5,150,200,1
5,150,488,1
5,150,293,1
5,150,430,1
5,151,209,1
5,151,15,1
5,151,51,1
5,152,176,1
5,152,237,1
5,152,212,1
5,154,463,1
5,154,112,1
5,155,139,1
5,155,232,1
5,156,174,1
5,157,491,1
5,157,444,1
5,157,445,1
5,157,350,1
5,157,499,1
5,158,229,1
5,158,57,1
5,159,52,1
5,159,183,1
5,160,93,1
5,161,89,1
5,161,165,1
5,161,413,1
5,161,231,1
5,161,85,1
5,162,325,1
5,162,305,1
5,162,332,1
5,163,305,1
5,163,351,1
5,163,56,1
5,163,296,1
5,163,484,1
5,163,24,1
5,164,488,1
5,164,407,1
5,164,13,1
5,164,75,1
5,165,335,1
5,165,497,1
5,165,106,1
5,165,204,1
5,166,125,1
5,166,259,1
5,166,298,1
5,167,456,1
5,167,72,1
5,167,337,1
5,167,55,1
5,168,250,1
5,168,440,1
5,169,380,1
5,169,448,1
5,169,474,1
5,170,131,1
5,170,488,1
5,170,438,1
5,171,67,1
5,171,7,1
5,171,79,1
5,171,418,1
5,172,22,1
5,172,403,1
5,172,163,1
5,172,209,1
5,172,187,1
5,172,21,1
5,173,427,1
5,173,293,1
5,173,411,1
5,173,285,1
5,174,386,1
5,174,289,1
5,175,212,1
5,175,385,1
5,176,5,1
5,176,271,1
5,177,133,1
5,177,4,1
5,177,366,1
5,178,277,1
5,179,230,1
5,179,297,1
5,179,240,1
5,180,90,1
5,181,124,1
5,181,410,1
5,182,134,1
5,182,481,1
5,183,331,1
5,183,6,1
5,183,352,1
5,183,36,1
5,183,152,1
5,184,349,1
5,184,293,1
5,184,465,1
5,184,324,1
5,185,97,1
5,186,339,1
5,186,406,1
5,186,428,1
5,187,258,1
5,187,120,1
5,188,160,1
5,189,309,1
5,189,318,1
5,189,462,1
5,189,206,1
5,189,75,1
5,191,406,1
5,191,238,1
5,191,196,1
5,192,411,1
5,192,91,1
5,192,260,1
5,193,71,1
5,193,249,1
5,193,418,1
5,193,478,1
5,193,204,1
5,193,126,1
5,194,258,1
5,195,460,1
5,195,351,1
5,196,89,1
5,196,495,1
5,197,141,1
5,197,278,1
5,198,83,1
5,198,375,1
5,199,261,1
5,199,460,1
5,199,243,1
5,199,447,1
5,199,9,1
5,200,256,1
5,200,106,1
5,200,20,1
5,200,164,1
6,1,264,1
6,1,14,1
6,1,133,1
6,1,158,1
6,2,69,1
6,2,207,1
6,3,426,1
6,4,106,1
6,4,46,1
6,4,179,1
6,5,317,1
6,5,358,1
6,5,313,1
6,5,49,1
6,5,478,1
6,6,224,1
6,6,434,1
6,7,390,1
6,7,405,1
6,7,90,1
6,7,296,1
6,7,181,1
6,7,376,1
6,8,391,1
6,9,367,1
6,10,153,1
6,10,404,1
6,11,304,1
6,11,272,1
6,11,278,1
6,11,214,1
6,13,232,1
6,14,212,1
6,15,105,1
6,15,230,1
6,15,474,1
6,16,87,1
6,17,298,1
6,17,456,1
6,17,74,1
6,18,287,1
6,18,297,1
6,19,453,1
6,19,382,1
6,19,322,1
6,20,285,1
6,20,134,1
6,21,91,1
6,21,464,1
6,21,334,1
6,21,266,1
6,21,493,1
6,22,313,1
6,22,434,1
6,22,271,1
6,22,163,1
6,22,391,1
6,22,462,1
6,22,177,1
6,22,459,1
6,23,176,1
6,23,235,1
6,23,357,1
6,23,455,1
6,23,77,1
6,23,418,1
6,24,187,1
6,24,101,1
6,25,280,1
6,25,322,1
6,25,104,1
6,25,239,1
6,25,183,1
6,26,101,1
6,26,167,1
6,26,331,1
6,26,413,1
6,26,230,1
6,27,27,1
6,27,166,1
6,27,29,1
6,28,72,1
6,28,142,1
6,28,146,1
6,28,277,1
6,28,446,1
6,28,471,1
6,28,356,1
6,29,158,1
6,30,39,1
6,30,62,1
6,30,386,1
6,30,486,1
6,30,214,1
6,31,43,1
6,32,360,1
6,32,446,1
6,32,243,1
6,33,44,1
6,34,76,1
6,34,236,1
6,35,468,1
6,36,315,1
6,36,399,1
6,36,304,1
6,36,410,1
6,37,271,1
6,37,11,1
6,37,75,1
6,38,107,1
6,38,194,1
6,38,219,1
6,39,282,1
6,39,115,1
6,39,298,1
6,39,498,1
6,39,476,1
6,39,301,1
6,40,115,1
6,40,105,1
6,41,256,1
6,42,100,1
6,43,119,1
6,43,417,1
6,43,53,1
6,44,476,1
6,44,230,1
6,44,278,1
6,44,424,1
6,44,227,1
6,45,447,1
6,45,40,1
6,45,358,1
6,45,481,1
6,46,117,1
6,46,363,1
6,46,120,1
6,46,469,1
6,47,318,1
6,47,365,1
6,47,147,1
6,47,179,1
6,49,433,1
6,49,50,1
6,49,44,1
6,50,207,1
6,50,327,1
6,50,459,1
6,51,462,1
6,51,118,1
6,52,206,1
6,52,293,1
6,52,278,1
6,53,406,1
6,53,133,1
6,53,498,1
6,54,227,1
6,54,274,1
6,54,128,1
6,55,54,1
6,55,459,1
6,55,445,1
6,55,154,1
6,55,402,1
6,56,72,1
6,56,97,1
6,56,220,1
6,56,175,1
6,56,289,1
6,57,290,1
6,57,248,1
6,57,40,1
6,58,358,1
6,59,263,1
6,59,110,1
6,59,354,1
6,59,376,1
6,59,412,1
6,59,356,1
6,59,266,1
6,60,359,1
6,60,43,1
6,60,104,1
6,60,52,1
6,61,260,1
6,61,71,1
6,61,95,1
6,61,206,1
6,62,51,1
6,62,248,1
6,62,175,1
6,62,201,1
6,63,246,1
6,63,263,1
6,63,137,1
6,64,139,1
6,64,280,1
6,64,185,1
6,65,298,1
6,65,239,1
6,66,346,1
6,66,482,1
6,66,312,1
6,67,270,1
6,67,457,1
6,68,58,1
6,68,135,1
6,68,85,1
6,69,193,1
6,69,330,1
6,69,425,1
6,69,123,1
6,70,378,1
6,70,361,1
6,71,255,1
6,71,162,1
6,71,202,1
6,72,219,1
6,72,129,1
6,74,490,1
6,74,266,1
6,74,429,1
6,74,49,1
6,74,332,1
6,75,473,1
6,76,158,1
6,76,487,1
6,77,400,1
6,77,153,1
6,77,380,1
6,77,13,1
6,77,403,1
6,78,479,1
6,78,198,1
6,78,206,1
6,78,407,1
6,78,121,1
6,79,417,1
6,79,112,1
6,79,373,1
6,79,470,1
6,80,23,1
6,80,82,1
6,81,452,1
6,81,134,1
6,81,191,1
6,82,346,1
6,82,184,1
6,82,163,1
6,82,195,1
6,82,371,1
6,82,355,1
6,83,98,1
6,84,355,1
6,84,93,1
6,85,476,1
6,85,480,1
6,85,500,1
6,85,42,1
6,86,143,1
6,86,212,1
6,86,205,1
6,87,253,1
6,87,258,1
6,87,414,1
6,87,151,1
6,88,476,1
6,88,494,1
6,89,8,1
6,90,108,1
6,91,397,1
6,91,264,1
6,91,101,1
6,91,386,1
6,91,359,1
6,92,156,1
6,92,45,1
6,92,441,1
6,93,346,1
6,93,64,1
6,93,158,1
6,94,218,1
6,94,345,1
6,95,269,1
6,95,43,1
6,95,477,1
6,95,351,1
6,96,403,1
6,97,13,1
6,97,388,1
6,97,50,1
6,97,499,1
6,98,340,1
6,98,418,1
6,98,210,1
6,98,226,1
6,99,285,1
6,99,282,1
6,99,175,1
6,99,364,1
6,99,301,1
6,100,500,1
6,100,8,1
6,100,28,1
6,101,391,1
6,101,191,1
6,101,490,1
6,102,426,1
6,102,19,1
6,102,427,1
6,102,320,1
6,102,206,1
6,103,453,1
6,103,394,1
6,104,239,1
6,104,108,1
6,105,195,1
6,105,426,1
6,105,85,1
6,105,77,1
6,106,302,1
6,106,125,1
6,107,281,1
6,107,487,1
6,107,65,1
6,107,402,1
6,107,480,1
6,107,336,1
6,107,393,1
6,108,39,1
6,108,94,1
6,108,80,1
6,109,372,1
6,109,30,1
6,109,228,1
6,109,46,1
6,110,81,1
6,110,66,1
6,110,258,1
6,110,337,1
6,110,79,1
6,110,434,1
6,111,301,1
6,111,124,1
6,112,371,1
6,112,85,1
6,112,218,1
6,112,291,1
6,113,376,1
6,113,160,1
6,113,153,1
6,113,89,1
6,114,490,1
6,115,93,1
6,116,2,1
6,116,330,1
6,116,445,1
6,117,57,1
6,117,357,1
6,117,227,1
6,117,388,1
6,118,18,1
6,118,384,1
6,118,267,1
6,119,336,1
6,120,300,1
6,120,22,1
6,123,472,1
6,123,466,1
6,123,163,1
6,123,500,1
6,123,28,1
6,123,102,1
6,123,248,1
6,123,166,1
6,123,54,1
6,124,261,1
6,124,162,1
6,125,423,1
6,125,229,1
6,125,29,1
6,125,11,1
6,125,347,1
6,126,251,1
6,126,112,1
6,126,186,1
6,127,30,1
6,127,445,1
6,128,42,1
6,128,496,1
6,129,399,1
6,129,53,1
6,129,311,1
6,129,162,1
6,129,196,1
6,129,454,1
6,130,471,1
6,131,478,1
6,132,43,1
6,132,415,1
6,132,346,1
6,133,271,1
6,133,81,1
6,133,69,1
6,134,210,1
6,134,43,1
6,136,448,1
6,137,47,1
6,137,6,1
6,137,383,1
6,137,204,1
6,137,293,1
6,138,276,1
6,138,29,1
6,139,474,1
6,139,42,1
6,139,444,1
6,140,34,1
6,140,484,1
6,140,283,1
6,140,114,1
6,141,154,1
6,141,377,1
6,141,137,1
6,142,332,1
6,142,496,1
6,142,388,1
6,142,117,1
6,142,373,1
6,142,154,1
6,142,54,1
6,143,30,1
6,143,42,1
6,143,305,1
6,143,269,1
6,144,300,1
6,144,255,1
6,144,353,1
6,145,215,1
6,145,187,1
6,145,367,1
6,146,47,1
6,146,205,1
6,147,159,1
6,147,245,1
6,150,334,1
6,150,405,1
6,150,289,1
6,150,275,1
6,152,339,1
6,153,43,1
6,153,77,1
6,153,368,1
6,153,78,1
6,153,385,1
6,154,437,1
6,154,146,1
6,154,127,1
6,154,208,1
6,155,481,1
6,155,462,1
6,155,42,1
6,155,20,1
6,155,235,1
6,155,161,1
6,156,264,1
6,156,16,1
6,156,217,1
6,156,495,1
6,157,450,1
6,158,187,1
6,158,110,1
6,158,59,1
6,158,7,1
6,159,452,1
6,159,424,1
6,159,298,1
6,159,216,1
6,159,306,1
6,160,48,1
6,160,302,1
6,160,223,1
6,161,404,1
6,161,191,1
6,161,27,1
6,162,359,1
6,162,245,1
6,162,150,1
6,162,294,1
6,163,258,1
6,164,94,1
6,164,182,1
6,164,77,1
6,165,205,1
6,165,405,1
6,165,460,1
6,166,372,1
6,166,82,1
6,166,288,1
6,166,256,1
6,166,59,1
6,166,72,1
6,167,330,1
6,167,219,1
6,168,66,1
6,168,378,1
6,168,42,1
6,168,7,1
6,168,450,1
6,168,19,1
6,169,447,1
6,170,389,1
6,170,192,1
6,171,114,1
6,171,144,1
6,171,480,1
6,171,485,1
6,172,60,1
6,172,298,1
6,172,392,1
6,172,425,1
6,172,355,1
6,172,22,1
6,172,351,1
6,172,428,1
6,172,478,1
6,173,24,1
6,173,437,1
6,174,464,1
6,174,164,1
6,174,366,1
6,175,300,1
6,176,189,1
6,176,232,1
6,177,59,1
6,177,318,1
6,177,178,1
6,177,307,1
6,178,92,1
6,178,448,1
6,178,389,1
6,178,322,1
6,178,202,1
6,179,67,1
6,179,324,1
6,179,188,1
6,179,368,1
6,179,86,1
6,180,63,1
6,180,51,1
6,181,205,1
6,181,487,1
6,181,311,1
6,182,90,1
6,182,144,1
6,183,489,1
6,183,38,1
6,184,163,1
6,185,409,1
6,186,332,1
6,186,74,1
6,186,94,1
6,187,248,1
6,188,194,1
6,189,394,1
6,189,357,1
6,189,370,1
6,190,222,1
6,190,32,1
6,191,462,1
6,192,330,1
6,192,336,1
6,192,154,1
6,193,467,1
6,193,421,1
6,193,490,1
6,194,3,1
6,194,141,1
6,194,182,1
6,194,317,1
6,194,59,1
6,195,444,1
6,195,451,1
6,195,255,1
6,196,65,1
6,196,363,1
6,196,225,1
6,197,499,1
6,197,350,1
6,197,26,1
6,197,38,1
6,198,441,1
6,198,431,1
6,198,337,1
6,199,328,1
6,199,138,1
6,199,349,1
6,199,458,1
6,199,48,1
6,199,375,1
6,200,433,1
6,200,50,1
6,200,315,1
6,200,180,1
6,200,154,1
7,1,108,1
7,1,304,1
7,1,140,1
7,2,382,1
7,2,236,1
7,2,456,1
7,2,293,1
7,3,234,1
7,3,469,1
7,3,261,1
7,3,441,1
7,4,185,1
7,4,425,1
7,5,391,1
7,5,444,1
7,5,270,1
7,5,458,1
7,6,23,1
7,6,218,1
7,7,360,1
7,7,68,1
7,7,237,1
7,8,469,1
7,8,363,1
7,8,435,1
7,8,58,1
7,9,243,1
7,10,131,1
7,10,288,1
7,11,104,1
7,11,108,1
7,11,312,1
7,12,482,1
7,12,230,1
7,12,232,1
7,13,411,1
7,14,163,1
7,15,350,1
7,15,303,1
7,15,59,1
7,16,378,1
7,16,410,1
7,17,467,1
7,17,464,1
7,18,232,1
7,18,196,1
7,18,475,1
7,19,445,1
7,19,401,1
7,19,216,1
7,19,202,1
7,19,397,1
7,19,410,1
7,19,325,1
7,20,412,1
7,21,142,1
7,21,494,1
7,21,192,1
7,22,391,1
7,22,341,1
7,23,410,1
7,23,78,1
7,23,143,1
7,25,329,1
7,25,429,1
7,25,368,1
7,25,435,1
7,25,300,1
7,26,380,1
7,26,388,1
7,26,498,1
7,26,428,1
7,26,27,1
7,27,274,1
7,27,184,1
7,28,384,1
7,28,363,1
7,28,229,1
7,28,314,1
7,29,24,1
7,29,137,1
7,29,16,1
7,30,210,1
7,30,238,1
7,31,307,1
7,31,157,1
7,31,286,1
7,31,321,1
7,32,11,1
7,32,415,1
7,32,295,1
7,32,490,1
7,32,152,1
7,33,176,1
7,33,450,1
7,33,185,1
7,33,77,1
7,34,434,1
7,34,397,1
7,34,43,1
7,35,275,1
7,35,266,1
7,35,101,1
7,36,320,1
7,37,184,1
7,37,424,1
7,37,58,1
7,37,75,1
7,38,373,1
7,38,181,1
7,38,79,1
7,38,341,1
7,38,295,1
7,38,317,1
7,39,48,1
7,39,329,1
7,39,497,1
7,40,363,1
7,40,301,1
7,42,327,1
7,42,282,1
7,42,375,1
7,42,100,1
7,42,123,1
7,43,255,1
7,43,238,1
7,43,221,1
7,43,70,1
7,43,411,1
7,44,344,1
7,44,213,1
7,44,207,1
7,45,51,1
7,45,120,1
7,45,382,1
7,46,314,1
7,47,255,1
7,47,224,1
7,47,34,1
7,48,365,1
7,49,343,1
7,49,450,1
7,49,323,1
7,49,122,1
7,49,404,1
7,49,304,1
7,50,352,1
7,50,316,1
7,50,184,1
7,51,460,1
7,51,358,1
7,51,233,1
7,51,98,1
7,51,271,1
7,51,415,1
7,52,14,1
7,52,240,1
7,52,466,1
7,52,257,1
7,54,272,1
7,54,362,1
7,55,477,1
7,56,24,1
7,56,129,1
7,57,64,1
7,57,398,1
7,57,77,1
7,59,101,1
7,60,210,1
7,61,385,1
7,62,61,1
7,62,159,1
7,62,166,1
7,62,167,1
7,62,126,1
7,62,131,1
7,63,471,1
7,63,469,1
7,63,128,1
7,63,63,1
7,64,300,1
7,64,495,1
7,64,491,1
7,65,412,1
7,65,141,1
7,65,239,1
7,65,321,1
7,65,238,1
7,66,142,1
7,66,10,1
7,66,134,1
7,67,433,1
7,67,172,1
7,67,252,1
7,67,61,1
7,68,152,1
7,68,350,1
7,69,447,1
7,69,269,1
7,69,94,1
7,70,209,1
7,71,326,1
7,71,40,1
7,72,398,1
7,73,108,1
7,73,100,1
7,73,211,1
7,74,402,1
7,74,195,1
7,75,33,1
7,75,325,1
7,76,216,1
7,76,185,1
7,77,40,1
7,77,51,1
7,77,70,1
7,77,277,1
7,78,41,1
7,78,83,1
7,78,20,1
7,79,464,1
7,79,41,1
7,79,8,1
7,79,25,1
7,79,133,1
7,80,125,1
7,81,244,1
7,81,114,1
7,82,11,1
7,82,103,1
7,82,402,1
7,82,66,1
7,83,237,1
7,84,316,1
7,86,275,1
7,87,135,1
7,87,452,1
7,88,403,1
7,89,286,1
7,89,32,1
7,89,201,1
7,90,249,1
7,90,368,1
7,90,1,1
7,90,447,1
7,90,486,1
7,91,311,1
7,91,362,1
7,91,446,1
7,92,376,1
7,92,203,1
7,92,31,1
7,92,468,1
7,92,392,1
7,93,130,1
7,93,377,1
7,94,449,1
7,95,134,1
7,95,310,1
7,95,319,1
7,96,215,1
7,96,140,1
7,96,251,1
7,96,375,1
7,97,314,1
7,97,470,1
7,97,394,1
7,98,329,1
7,99,253,1
7,99,222,1
7,100,103,1
7,100,18,1
7,100,63,1
7,100,105,1
7,101,427,1
7,102,289,1
7,102,197,1
7,103,443,1
7,104,483,1
7,104,438,1
7,104,171,1
7,105,179,1
7,106,431,1
7,106,83,1
7,108,147,1
7,109,136,1
7,109,367,1
7,109,491,1
7,109,427,1
7,109,348,1
7,110,274,1
7,110,355,1
7,110,117,1
7,111,56,1
7,111,309,1
7,112,234,1
7,112,467,1
7,112,154,1
7,112,220,1
7,112,163,1
7,112,250,1
7,113,254,1
7,113,387,1
7,114,396,1
7,114,341,1
7,115,38,1
7,115,356,1
7,115,450,1
7,116,260,1
7,116,262,1
7,116,186,1
7,116,112,1
7,116,199,1
7,118,71,1
7,118,475,1
7,119,36,1
7,119,73,1
7,119,74,1
7,119,83,1
7,120,137,1
7,120,73,1
7,120,364,1
7,121,447,1
7,121,210,1
7,121,77,1
7,122,307,1
7,122,131,1
7,122,429,1
7,122,452,1
7,122,235,1
7,123,405,1
7,123,102,1
7,123,99,1
7,124,52,1
7,125,231,1
7,125,148,1
7,126,136,1
7,126,427,1
7,126,300,1
7,126,344,1
7,126,105,1
7,126,30,1
7,127,464,1
7,127,419,1
7,128,201,1
7,128,370,1
7,128,227,1
7,129,389,1
7,129,253,1
7,130,169,1
7,130,57,1
7,130,295,1
7,130,388,1
7,130,106,1
7,131,280,1
7,131,300,1
7,132,74,1
7,133,224,1
7,133,179,1
7,133,414,1
7,133,336,1
7,133,195,1
7,134,349,1
7,134,47,1
7,135,200,1
7,135,89,1
7,136,175,1
7,136,439,1
7,136,131,1
7,137,357,1
7,137,225,1
7,137,76,1
7,137,186,1
7,137,326,1
7,137,65,1
7,137,39,1
7,137,111,1
7,138,189,1
7,138,25,1
7,139,237,1
7,139,126,1
7,139,245,1
7,140,101,1
7,140,210,1
7,141,100,1
7,141,332,1
7,141,459,1
7,141,169,1
7,141,243,1
7,141,205,1
7,141,417,1
7,142,30,1
7,142,12,1
7,142,487,1
7,142,350,1
7,142,341,1
7,142,449,1
7,143,161,1
7,143,24,1
7,143,430,1
7,143,209,1
7,144,368,1
7,144,279,1
7,144,240,1
7,145,45,1
7,145,209,1
7,145,379,1
7,145,76,1
7,146,413,1
7,147,204,1
7,147,189,1
7,147,142,1
7,148,379,1
7,148,486,1
7,148,477,1
7,149,399,1
7,149,280,1
7,149,410,1
7,150,149,1
7,150,191,1
7,152,242,1
7,152,196,1
7,152,399,1
7,152,322,1
7,153,353,1
7,153,66,1
7,153,434,1
7,154,424,1
7,154,189,1
7,154,475,1
7,154,479,1
7,155,222,1
7,155,234,1
7,155,365,1
7,155,148,1
7,156,403,1
7,156,187,1
7,157,309,1
7,158,116,1
7,159,173,1
7,160,485,1
7,160,244,1
7,160,425,1
7,160,118,1
7,161,78,1
7,161,214,1
7,161,378,1
7,161,403,1
7,162,189,1
7,162,319,1
7,162,414,1
7,162,373,1
7,163,100,1
7,163,459,1
7,163,289,1
7,164,289,1
7,164,241,1
7,164,125,1
7,164,443,1
7,166,120,1
7,166,328,1
7,166,215,1
7,167,294,1
7,167,149,1
7,168,397,1
7,168,96,1
7,169,38,1
7,169,497,1
7,170,79,1
7,170,377,1
7,170,228,1
7,170,74,1
7,170,116,1
7,171,439,1
7,171,162,1
7,171,158,1
7,172,92,1
7,172,203,1
7,172,81,1
7,172,254,1
7,173,286,1
7,173,385,1
7,173,40,1
7,174,278,1
7,174,491,1
7,174,141,1
7,174,216,1
7,175,265,1
7,175,386,1
7,175,457,1
7,175,488,1
7,176,483,1
7,176,455,1
7,176,431,1
7,176,358,1
7,176,491,1
7,177,345,1
7,178,216,1
7,178,349,1
7,179,206,1
7,179,468,1
7,179,44,1
7,179,224,1
7,179,159,1
7,179,101,1
7,179,242,1
7,179,111,1
7,180,238,1
7,180,447,1
7,181,231,1
7,181,347,1
7,181,293,1
7,181,224,1
7,182,292,1
7,182,257,1
7,182,413,1
7,182,63,1
7,182,387,1
7,182,117,1
7,182,489,1
7,182,274,1
7,183,453,1
7,183,129,1
7,183,17,1
7,184,330,1
7,185,291,1
7,185,223,1
7,185,360,1
7,185,292,1
7,185,11,1
7,185,90,1
7,185,338,1
7,186,465,1
7,186,306,1
7,187,411,1
7,187,175,1
7,187,242,1
7,187,496,1
7,188,187,1
7,188,288,1
7,188,328,1
7,188,29,1
7,189,198,1
7,189,110,1
7,189,78,1
7,189,103,1
7,189,356,1
7,189,226,1
7,191,259,1
7,191,248,1
7,191,197,1
7,192,206,1
7,192,168,1
7,192,259,1
7,192,442,1
7,193,120,1
7,193,304,1
7,193,164,1
7,193,301,1
7,194,144,1
7,195,264,1
7,195,442,1
7,195,344,1
7,195,231,1
7,195,114,1
7,196,126,1
7,196,450,1
7,196,354,1
7,196,1,1
7,196,400,1
7,196,448,1
7,197,191,1
7,197,192,1
7,197,408,1
7,197,441,1
7,198,326,1
7,198,81,1
7,198,188,1
7,198,233,1
7,199,399,1
7,199,37,1
7,199,484,1
7,200,78,1
7,200,462,1
7,200,282,1
7,200,437,1
8,1,294,1
8,1,60,1
8,2,291,1
8,2,394,1
8,3,260,1
8,3,186,1
8,3,429,1
8,4,456,1
8,4,118,1
8,5,436,1
8,5,170,1
8,6,222,1
8,6,177,1
8,6,142,1
8,6,122,1
8,6,149,1
8,6,412,1
8,7,313,1
8,7,93,1
8,7,443,1
8,7,169,1
8,7,108,1
8,7,239,1
8,8,384,1
8,8,34,1
8,8,15,1
8,8,150,1
8,9,102,1
8,9,297,1
8,10,163,1
8,10,126,1
8,11,187,1
8,12,226,1
8,12,360,1
8,12,295,1
8,12,409,1
8,12,442,1
8,13,227,1
8,14,443,1
8,14,100,1
8,15,440,1
8,15,449,1
8,16,49,1
8,16,332,1
8,16,281,1
8,17,463,1
8,18,431,1
8,18,17,1
8,18,456,1
8,18,70,1
8,18,297,1
8,18,498,1
8,19,117,1
8,19,396,1
8,19,151,1
8,20,333,1
8,20,198,1
8,20,462,1
8,21,496,1
8,21,265,1
8,22,240,1
8,23,215,1
8,23,359,1
8,23,223,1
8,23,171,1
8,24,13,1
8,24,69,1
8,24,63,1
8,25,364,1
8,25,335,1
8,25,386,1
8,25,346,1
8,26,174,1
8,27,186,1
8,27,247,1
8,27,95,1
8,27,29,1
8,28,366,1
8,28,441,1
8,28,77,1
8,28,398,1
8,28,234,1
8,28,66,1
8,29,139,1
8,29,338,1
8,29,102,1
8,30,233,1
8,30,103,1
8,30,328,1
8,30,18,1
8,30,17,1
8,31,191,1
8,31,52,1
8,32,116,1
8,33,266,1
8,33,440,1
8,33,91,1
8,33,362,1
8,33,374,1
8,33,23,1
8,34,76,1
8,34,365,1
8,34,208,1
8,34,24,1
8,35,38,1
8,35,492,1
8,35,54,1
8,35,428,1
8,36,482,1
8,36,494,1
8,37,143,1
8,37,24,1
8,38,498,1
8,39,316,1
8,39,23,1
8,40,65,1
8,40,458,1
8,40,176,1
8,40,385,1
8,40,309,1
8,40,389,1
8,41,94,1
8,41,347,1
8,41,270,1
8,42,217,1
8,42,15,1
8,43,487,1
8,43,205,1
8,43,428,1
8,43,95,1
8,44,155,1
8,45,414,1
8,45,285,1
8,46,495,1
8,46,152,1
8,46,284,1
8,47,322,1
8,47,401,1
8,48,373,1
8,48,385,1
8,48,5,1
8,48,171,1
8,48,83,1
8,49,284,1
8,49,269,1
8,49,386,1
8,49,310,1
8,49,179,1
8,50,288,1
8,50,315,1
8,50,185,1
8,51,367,1
8,51,83,1
8,51,150,1
8,51,227,1
8,52,379,1
8,52,238,1
8,52,208,1
8,52,20,1
8,53,258,1
8,53,90,1
8,53,263,1
8,53,479,1
8,53,417,1
8,54,419,1
8,54,78,1
8,54,453,1
8,54,212,1
8,55,440,1
8,55,126,1
8,55,471,1
8,55,483,1
8,56,304,1
8,57,148,1
8,57,299,1
8,58,252,1
8,58,140,1
8,59,412,1
8,59,339,1
8,59,299,1
8,59,301,1
8,59,96,1
8,60,421,1
8,60,204,1
8,61,29,1
8,61,445,1
8,61,135,1
8,61,496,1
8,61,428,1
8,62,388,1
8,62,323,1
8,62,237,1
8,63,75,1
8,63,479,1
8,64,349,1
8,64,359,1
8,64,367,1
8,65,464,1
8,65,250,1
8,66,428,1
8,66,232,1
8,66,344,1
8,66,287,1
8,66,190,1
8,67,379,1
8,67,78,1
8,67,284,1
8,67,291,1
8,67,182,1
8,67,160,1
8,68,266,1
8,68,233,1
8,68,287,1
8,68,39,1
8,69,23,1
8,69,169,1
8,69,345,1
8,69,439,1
8,70,158,1
8,70,395,1
8,71,71,1
8,71,286,1
8,72,237,1
8,72,89,1
8,72,426,1
8,72,426,1
8,73,328,1
8,73,268,1
8,74,484,1
8,74,338,1
8,74,318,1
8,74,76,1
8,75,43,1
8,75,149,1
8,75,271,1
8,75,216,1
8,76,491,1
8,76,327,1
8,76,291,1
8,76,68,1
8,77,425,1
8,77,143,1
8,77,13,1
8,77,315,1
8,77,186,1
8,77,199,1
8,78,350,1
8,78,355,1
8,78,433,1
8,79,218,1
8,79,407,1
8,79,116,1
8,79,393,1
8,79,175,1
8,79,119,1
8,79,399,1
8,80,101,1
8,80,490,1
8,80,39,1
8,80,321,1
8,80,177,1
8,80,434,1
8,81,15,1
8,81,358,1
8,81,173,1
8,81,318,1
8,81,236,1
8,82,124,1
8,82,284,1
8,82,241,1
8,82,155,1
8,82,302,1
8,82,265,1
8,82,104,1
8,83,29,1
8,83,444,1
8,83,237,1
8,83,412,1
8,84,112,1
8,85,405,1
8,86,275,1
8,86,387,1
8,86,5,1
8,87,5,1
8,88,332,1
8,88,406,1
8,89,153,1
8,90,11,1
8,90,135,1
8,90,239,1
8,90,42,1
8,91,87,1
8,91,31,1
8,92,194,1
8,93,337,1
8,93,292,1
8,93,137,1
8,94,147,1
8,94,76,1
8,94,210,1
8,94,109,1
8,94,419,1
8,95,382,1
8,95,82,1
8,95,356,1
8,95,93,1
8,96,428,1
8,96,102,1
8,96,183,1
8,97,159,1
8,97,103,1
8,97,401,1
8,98,134,1
8,98,53,1
8,99,326,1
8,99,134,1
8,99,434,1
8,99,57,1
8,100,88,1
8,100,63,1
8,100,451,1
8,101,487,1
8,101,320,1
8,101,466,1
8,101,283,1
8,101,165,1
8,101,486,1
8,101,102,1
8,102,295,1
8,102,22,1
8,102,183,1
8,103,254,1
8,103,7,1
8,103,432,1
8,103,87,1
8,104,450,1
8,104,412,1
8,105,491,1
8,105,393,1
8,106,485,1
8,106,354,1
8,106,57,1
8,107,245,1
8,107,428,1
8,107,201,1
8,107,398,1
8,108,420,1
8,108,63,1
8,108,220,1
8,108,162,1
8,108,225,1
8,108,260,1
8,109,72,1
8,110,227,1
8,110,449,1
8,110,439,1
8,110,333,1
8,110,404,1
8,110,246,1
8,110,184,1
8,111,14,1
8,111,212,1
8,111,42,1
8,112,88,1
8,112,179,1
8,113,183,1
8,113,151,1
8,113,411,1
8,114,159,1
8,114,209,1
8,114,226,1
8,114,359,1
8,115,171,1
8,115,121,1
8,115,479,1
8,116,261,1
8,116,169,1
8,116,72,1
8,117,374,1
8,117,393,1
8,117,460,1
8,117,43,1
8,117,160,1
8,118,126,1
8,118,435,1
8,118,139,1
8,118,247,1
8,118,75,1
8,119,52,1
8,119,101,1
8,119,410,1
8,119,42,1
8,120,310,1
8,120,232,1
8,120,3,1
8,121,426,1
8,121,123,1
8,121,184,1
8,122,341,1
8,122,218,1
8,122,65,1
8,123,228,1
8,123,195,1
8,124,200,1
8,125,43,1
8,126,245,1
8,126,41,1
8,126,100,1
8,126,411,1
8,127,307,1
8,127,495,1
8,127,101,1
8,128,363,1
8,129,393,1
8,129,64,1
8,129,372,1
8,129,293,1
8,129,140,1
8,129,253,1
8,130,193,1
8,130,261,1
8,130,350,1
8,130,182,1
8,131,238,1
8,132,13,1
8,132,443,1
8,133,97,1
8,133,456,1
8,134,168,1
8,134,439,1
8,134,249,1
8,134,167,1
8,135,135,1
8,135,177,1
8,135,142,1
8,136,499,1
8,136,303,1
8,136,300,1
8,136,277,1
8,137,343,1
8,137,16,1
8,137,155,1
8,138,274,1
8,138,304,1
8,140,492,1
8,140,272,1
8,140,407,1
8,141,275,1
8,141,214,1
8,141,486,1
8,142,253,1
8,142,85,1
8,143,409,1
8,143,232,1
8,143,447,1
8,143,419,1
8,143,223,1
8,144,314,1
8,144,378,1
8,144,494,1
8,145,17,1
8,145,85,1
8,146,227,1
8,146,214,1
8,146,125,1
8,146,340,1
8,146,288,1
8,146,376,1
8,146,163,1
8,147,125,1
8,147,249,1
8,148,1,1
8,148,166,1
8,148,176,1
8,148,120,1
8,148,238,1
8,149,33,1
8,149,139,1
8,150,268,1
8,151,313,1
8,151,14,1
8,151,170,1
8,152,26,1
8,152,131,1
8,153,407,1
8,153,63,1
8,153,408,1
8,153,308,1
8,153,310,1
8,154,185,1
8,154,394,1
8,154,357,1
8,155,264,1
8,155,254,1
8,156,26,1
8,156,225,1
8,157,383,1
8,157,30,1
8,157,335,1
8,158,433,1
8,159,238,1
8,159,191,1
8,159,353,1
8,159,45,1
8,159,214,1
8,159,268,1
8,159,394,1
8,160,207,1
8,160,45,1
8,160,197,1
8,160,20,1
8,161,420,1
8,161,319,1
8,162,65,1
8,162,48,1
8,163,464,1
8,163,438,1
8,163,440,1
8,165,259,1
8,165,255,1
8,166,139,1
8,166,218,1
8,166,104,1
8,166,178,1
8,167,124,1
8,167,472,1
8,168,142,1
8,168,284,1
8,168,473,1
8,168,89,1
8,169,377,1
8,169,34,1
8,169,58,1
8,171,254,1
8,171,431,1
8,172,113,1
8,172,385,1
8,172,139,1
8,172,68,1
8,172,305,1
8,172,327,1
8,173,140,1
8,173,201,1
8,174,355,1
8,174,347,1
8,174,354,1
8,175,499,1
8,175,499,1
8,175,490,1
8,176,444,1
8,176,56,1
8,176,467,1
8,177,470,1
8,177,103,1
8,177,307,1
8,178,214,1
8,178,498,1
8,179,405,1
8,179,457,1
8,179,491,1
8,179,2,1
8,179,323,1
8,181,247,1
8,181,207,1
8,181,483,1
8,181,153,1
8,182,42,1
8,182,113,1
8,182,146,1
8,182,362,1
8,182,385,1
8,182,252,1
8,182,67,1
8,184,111,1
8,184,87,1
8,185,12,1
8,185,379,1
8,185,117,1
8,185,33,1
8,186,293,1
8,186,156,1
8,186,76,1
8,187,372,1
8,188,230,1
8,188,396,1
8,188,209,1
8,188,139,1
8,188,29,1
8,188,397,1
8,189,436,1
8,189,229,1
8,190,497,1
8,190,396,1
8,190,98,1
8,190,184,1
8,191,255,1
8,191,365,1
8,191,70,1
8,191,365,1
8,191,15,1
8,192,95,1
8,192,430,1
8,192,114,1
8,192,347,1
8,193,75,1
8,193,362,1
8,193,312,1
8,193,257,1
8,193,80,1
8,193,102,1
8,194,168,1
8,194,137,1
8,194,43,1
8,194,440,1
8,194,195,1
8,195,139,1
8,196,288,1
8,196,271,1
8,196,156,1
8,196,50,1
8,197,444,1
8,197,22,1
8,198,291,1
8,199,283,1
8,200,151,1
8,200,367,1
9,1,329,1
9,1,484,1
9,2,177,1
9,2,6,1
9,3,8,1
9,3,401,1
9,3,49,1
9,4,28,1
9,4,247,1
9,5,95,1
9,5,357,1
9,5,184,1
9,6,250,1
9,6,342,1
9,6,145,1
9,6,31,1
9,7,385,1
9,7,110,1
9,8,201,1
9,8,3,1
9,9,33,1
9,9,414,1
9,10,319,1
9,10,197,1
9,11,90,1
9,12,78,1
9,12,317,1
9,13,192,1
9,14,489,1
9,14,330,1
9,14,43,1
9,15,283,1
9,15,432,1
9,16,361,1
9,16,17,1
9,16,64,1
9,16,343,1
9,16,450,1
9,16,3,1
9,16,174,1
9,16,488,1
9,16,317,1
9,17,177,1
9,18,402,1
9,18,307,1
9,18,476,1
9,19,81,1
9,19,224,1
9,20,255,1
9,20,144,1
9,20,65,1
9,20,219,1
9,21,294,1
9,21,224,1
9,21,267,1
9,22,124,1
9,22,58,1
9,22,303,1
9,23,330,1
9,23,70,1
9,23,220,1
9,24,256,1
9,24,348,1
9,25,168,1
9,25,207,1
9,25,437,1
9,25,360,1
9,25,196,1
9,25,58,1
9,25,3,1
9,26,306,1
9,26,377,1
9,26,74,1
9,26,411,1
9,26,82,1
9,27,133,1
9,27,310,1
9,27,304,1
9,28,65,1
9,28,121,1
9,28,189,1
9,28,278,1
9,28,432,1
9,30,15,1
9,30,78,1
9,30,151,1
9,31,69,1
9,31,419,1
9,31,73,1
9,31,409,1
9,31,326,1
9,31,18,1
9,32,100,1
9,32,487,1
9,33,383,1
9,34,154,1
9,34,81,1
9,34,497,1
9,34,351,1
9,35,26,1
9,35,200,1
9,36,423,1
9,36,382,1
9,36,343,1
9,37,243,1
9,37,67,1
9,38,483,1
9,38,47,1
9,38,81,1
9,38,63,1
9,38,285,1
9,40,368,1
9,41,486,1
9,41,276,1
9,41,484,1
9,41,118,1
9,42,347,1
9,42,182,1
9,42,304,1
9,42,322,1
9,42,401,1
9,43,39,1
9,43,380,1
9,43,113,1
9,45,138,1
9,45,96,1
9,45,277,1
9,45,234,1
9,47,26,1
9,47,85,1
9,47,458,1
9,47,126,1
9,47,500,1
9,47,12,1
9,48,50,1
9,48,159,1
9,48,481,1
9,48,94,1
9,48,394,1
9,49,357,1
9,49,21,1
9,51,408,1
9,51,379,1
9,51,252,1
9,51,205,1
9,52,348,1
9,52,335,1
9,52,345,1
9,53,202,1
9,53,351,1
9,54,5,1
9,55,304,1
9,55,468,1
9,55,69,1
9,55,141,1
9,55,229,1
9,56,195,1
9,56,42,1
9,57,196,1
9,57,177,1
9,57,254,1
9,58,65,1
9,58,130,1
9,58,453,1
9,59,343,1
9,59,61,1
9,59,298,1
9,60,448,1
9,60,198,1
9,60,481,1
9,62,370,1
9,62,447,1
9,63,122,1
9,63,80,1
9,63,352,1
9,63,163,1
9,63,418,1
9,63,489,1
9,63,181,1
9,64,212,1
9,64,200,1
9,64,206,1
9,65,316,1
9,65,491,1
9,65,91,1
9,65,285,1
9,66,224,1
9,67,214,1
9,67,284,1
9,67,23,1
9,67,31,1
9,68,323,1
9,68,310,1
9,68,431,1
9,68,278,1
9,68,86,1
9,69,202,1
9,69,136,1
9,69,449,1
9,70,294,1
9,70,246,1
9,70,188,1
9,70,161,1
9,70,51,1
9,70,477,1
9,70,167,1
9,71,460,1
9,71,432,1
9,71,370,1
9,71,420,1
9,71,22,1
9,72,488,1
9,73,131,1
9,73,123,1
9,73,148,1
9,73,29,1
9,74,167,1
9,74,375,1
9,74,118,1
9,74,295,1
9,75,422,1
9,75,140,1
9,75,5,1
9,75,263,1
9,75,221,1
9,76,185,1
9,77,412,1
9,77,481,1
9,77,289,1
9,78,260,1
9,78,476,1
9,78,211,1
9,78,345,1
9,79,154,1
9,79,60,1
9,79,187,1
9,79,235,1
9,80,303,1
9,80,401,1
9,81,51,1
9,81,169,1
9,82,434,1
9,82,157,1
9,83,448,1
9,83,143,1
9,83,228,1
9,83,383,1
9,83,275,1
9,84,411,1
9,84,360,1
9,84,339,1
9,85,207,1
9,85,25,1
9,85,64,1
9,86,460,1
9,86,238,1
9,86,59,1
9,86,163,1
9,86,256,1
9,87,297,1
9,88,496,1
9,88,187,1
9,88,334,1
9,88,250,1
9,88,35,1
9,89,45,1
9,89,370,1
9,89,451,1
9,89,375,1
9,90,263,1
9,90,370,1
9,91,401,1
9,91,421,1
9,91,378,1
9,91,464,1
9,92,185,1
9,92,140,1
9,93,442,1
9,93,125,1
9,93,335,1
9,93,123,1
9,93,255,1
9,93,62,1
9,94,309,1
9,95,288,1
9,95,313,1
9,95,377,1
9,95,235,1
9,96,252,1
9,96,79,1
9,96,365,1
9,96,30,1
9,97,489,1
9,97,148,1
9,98,445,1
9,98,4,1
9,98,360,1
9,98,340,1
9,98,184,1
9,99,187,1
9,99,1,1
9,99,331,1
9,99,276,1
9,101,426,1
9,101,44,1
9,101,48,1
9,102,417,1
9,103,349,1
9,103,182,1
9,103,141,1
9,103,166,1
9,103,105,1
9,103,345,1
9,103,173,1
9,103,183,1
9,104,90,1
9,104,453,1
9,104,399,1
9,104,293,1
9,105,185,1
9,105,404,1
9,105,123,1
9,106,285,1
9,106,58,1
9,106,48,1
9,106,320,1
9,106,490,1
9,107,284,1
9,108,65,1
9,108,282,1
9,108,202,1
9,108,481,1
9,108,131,1
9,109,19,1
9,110,254,1
9,110,168,1
9,111,289,1
9,111,435,1
9,111,96,1
9,112,204,1
9,112,114,1
9,113,209,1
9,113,268,1
9,113,433,1
9,113,481,1
9,114,82,1
9,114,345,1
9,114,238,1
9,114,238,1
9,115,304,1
9,115,122,1
9,116,53,1
9,116,55,1
9,116,341,1
9,116,435,1
9,116,345,1
9,116,218,1
9,117,169,1
9,118,345,1
9,118,136,1
9,118,468,1
9,118,374,1
9,119,71,1
9,119,434,1
9,119,275,1
9,119,178,1
9,120,235,1
9,120,415,1
9,121,278,1
9,121,336,1
9,122,411,1
9,122,198,1
9,123,145,1
9,123,163,1
9,123,8,1
9,123,121,1
9,123,206,1
9,123,330,1
9,123,243,1
9,124,166,1
9,124,182,1
9,124,106,1
9,124,443,1
9,124,110,1
9,124,295,1
9,124,146,1
9,124,403,1
9,125,33,1
9,125,469,1
9,125,33,1
9,125,332,1
9,125,154,1
9,125,29,1
9,125,145,1
9,125,100,1
9,125,219,1
9,125,69,1
9,126,319,1
9,127,419,1
9,127,373,1
9,127,154,1
9,127,212,1
9,128,290,1
9,128,405,1
9,129,7,1
9,129,6,1
9,129,112,1
9,129,41,1
9,129,29,1
9,130,433,1
9,130,187,1
9,130,452,1
9,131,349,1
9,131,428,1
9,131,231,1
9,131,23,1
9,131,105,1
9,132,283,1
9,132,175,1
9,132,458,1
9,132,91,1
9,132,311,1
9,133,436,1
9,133,94,1
9,133,460,1
9,134,41,1
9,135,475,1
9,135,199,1
9,135,114,1
9,135,329,1
9,136,9,1
9,136,16,1
9,136,55,1
9,137,355,1
9,137,493,1
9,137,247,1
9,137,313,1
9,137,237,1
9,137,387,1
9,137,436,1
9,138,144,1
9,138,142,1
9,138,30,1
9,138,167,1
9,139,432,1
9,139,484,1
9,139,78,1
9,140,351,1
9,141,182,1
9,141,294,1
9,142,26,1
9,142,333,1
9,142,33,1
9,143,248,1
9,143,179,1
9,143,440,1
9,143,163,1
9,143,409,1
9,143,433,1
9,144,300,1
9,145,332,1
9,145,70,1
9,145,345,1
9,145,309,1
9,145,430,1
9,145,168,1
9,145,11,1
9,146,324,1
9,146,266,1
9,147,357,1
9,147,312,1
9,147,202,1
9,147,454,1
9,148,383,1
9,148,489,1
9,148,320,1
9,148,193,1
9,148,214,1
9,149,303,1
9,149,88,1
9,149,278,1
9,150,194,1
9,150,177,1
9,150,420,1
9,150,303,1
9,150,422,1
9,150,435,1
9,150,402,1
9,150,204,1
9,150,122,1
9,150,108,1
9,151,433,1
9,151,48,1
9,151,236,1
9,151,20,1
9,152,493,1
9,152,228,1
9,152,99,1
9,152,106,1
9,152,30,1
9,152,61,1
9,153,152,1
9,153,92,1
9,155,407,1
9,155,271,1
9,155,98,1
9,155,279,1
9,155,20,1
9,155,388,1
9,156,346,1
9,156,265,1
9,156,490,1
9,156,442,1
9,157,444,1
9,158,13,1
9,158,247,1
9,158,471,1
9,159,188,1
9,159,452,1
9,159,139,1
9,159,147,1
9,159,67,1
9,160,333,1
9,160,44,1
9,161,413,1
9,162,460,1
9,163,34,1
9,163,221,1
9,164,205,1
9,164,472,1
9,164,338,1
9,164,232,1
9,164,494,1
9,165,15,1
9,165,45,1
9,165,203,1
9,166,374,1
9,166,416,1
9,167,416,1
9,167,159,1
9,167,38,1
9,168,455,1
9,168,334,1
9,169,102,1
9,169,259,1
9,169,43,1
9,170,24,1
9,170,9,1
9,171,26,1
9,171,244,1
9,171,231,1
9,171,34,1
9,171,30,1
9,171,220,1
9,172,436,1
9,172,194,1
9,172,180,1
9,174,154,1
9,174,109,1
9,174,235,1
9,175,148,1
9,175,340,1
9,175,357,1
9,175,466,1
9,176,140,1
9,176,100,1
9,177,432,1
9,177,124,1
9,177,75,1
9,177,267,1
9,178,176,1
9,178,316,1
9,178,440,1
9,178,310,1
9,178,222,1
9,179,453,1
9,179,130,1
9,179,132,1
9,179,412,1
9,180,157,1
9,180,491,1
9,181,348,1
9,181,203,1
9,181,429,1
9,181,358,1
9,182,313,1
9,182,257,1
9,183,99,1
9,183,193,1
9,183,435,1
9,183,374,1
9,184,410,1
9,184,127,1
9,184,410,1
9,185,299,1
9,187,480,1
9,188,363,1
9,188,139,1
9,189,387,1
9,189,404,1
9,189,398,1
9,190,230,1
9,190,324,1
9,190,350,1
9,190,127,1
9,191,188,1
9,191,431,1
9,191,432,1
9,191,135,1
9,191,282,1
9,191,423,1
9,191,357,1
9,192,354,1
9,192,387,1
9,193,196,1
9,193,369,1
9,193,228,1
9,193,56,1
9,194,251,1
9,194,375,1
9,195,261,1
9,195,468,1
9,195,498,1
9,195,42,1
9,195,4,1
9,195,314,1
9,196,369,1
9,196,368,1
9,196,85,1
9,196,459,1
9,197,268,1
9,197,214,1
9,197,41,1
9,198,190,1
9,198,183,1
9,198,164,1
9,199,56,1
9,199,206,1
9,199,392,1
9,199,212,1
9,199,146,1
9,200,41,1
9,200,43,1
9,200,274,1
10,1,370,1
10,1,160,1
10,1,5,1
10,1,64,1
10,2,188,1
10,2,382,1
10,2,399,1
10,2,358,1
10,3,418,1
10,4,287,1
10,4,156,1
10,4,107,1
10,5,421,1
10,5,436,1
10,5,494,1
10,5,279,1
10,6,350,1
10,6,28,1
10,6,289,1
10,6,269,1
10,6,388,1
10,6,72,1
10,8,41,1
10,8,192,1
10,8,85,1
10,8,465,1
10,8,38,1
10,9,454,1
10,9,287,1
10,10,367,1
10,10,236,1
10,10,358,1
10,10,105,1
10,11,282,1
10,11,421,1
10,11,257,1
10,12,221,1
10,12,451,1
10,12,83,1
10,12,272,1
10,13,470,1
10,13,111,1
10,13,102,1
10,13,338,1
10,13,148,1
10,14,366,1
10,14,301,1
10,14,204,1
10,15,341,1
10,16,249,1
10,16,268,1
10,17,25,1
10,17,128,1
10,17,344,1
10,17,495,1
10,17,165,1
10,17,102,1
10,18,428,1
10,18,194,1
10,18,123,1
10,19,103,1
10,19,204,1
10,19,438,1
10,20,276,1
10,20,190,1
10,20,84,1
10,20,444,1
10,20,82,1
10,21,224,1
10,21,299,1
10,21,306,1
10,21,244,1
10,22,117,1
10,22,48,1
10,22,237,1
10,23,209,1
10,23,381,1
10,23,147,1
10,23,250,1
10,24,410,1
10,25,121,1
10,26,432,1
10,26,193,1
10,26,204,1
10,27,277,1
10,27,386,1
10,28,159,1
10,28,39,1
10,28,233,1
10,29,31,1
10,30,426,1
10,30,181,1
10,30,6,1
10,30,77,1
10,30,123,1
10,31,27,1
10,31,170,1
10,31,175,1
10,31,443,1
10,31,287,1
10,32,255,1
10,32,120,1
10,33,455,1
10,34,71,1
10,35,451,1
10,35,384,1
10,35,251,1
10,35,37,1
10,35,489,1
10,35,128,1
10,36,128,1
10,36,379,1
10,36,441,1
10,36,65,1
10,37,133,1
10,37,254,1
10,38,196,1
10,38,321,1
10,38,324,1
10,38,105,1
10,38,45,1
10,39,308,1
10,39,177,1
10,39,18,1
10,39,337,1
10,40,278,1
10,40,358,1
10,40,431,1
10,41,40,1
10,41,345,1
10,41,297,1
10,42,305,1
10,42,88,1
10,42,265,1
10,42,33,1
10,42,365,1
10,44,11,1
10,44,39,1
10,44,463,1
10,44,29,1
10,45,155,1
10,45,104,1
10,45,118,1
10,45,64,1
10,46,224,1
10,46,203,1
10,47,473,1
10,47,162,1
10,47,347,1
10,48,71,1
10,48,105,1
10,48,24,1
10,48,78,1
10,48,467,1
10,48,123,1
10,48,323,1
10,51,342,1
10,51,199,1
10,51,371,1
10,51,109,1
10,51,74,1
10,51,143,1
10,51,374,1
10,52,191,1
10,52,46,1
10,53,414,1
10,53,297,1
10,54,115,1
10,54,248,1
10,55,68,1
10,55,121,1
10,55,439,1
10,55,447,1
10,56,103,1
10,56,23,1
10,56,314,1
10,56,177,1
10,56,105,1
10,56,394,1
10,56,244,1
10,56,414,1
10,57,159,1
10,57,432,1
10,58,191,1
10,58,230,1
10,58,406,1
10,59,1,1
10,59,497,1
10,60,84,1
10,60,310,1
10,60,20,1
10,60,57,1
10,60,295,1
10,60,399,1
10,60,41,1
10,61,302,1
10,62,26,1
10,62,387,1
10,62,412,1
10,63,424,1
10,65,93,1
10,65,284,1
10,66,341,1
10,66,271,1
10,66,311,1
10,66,165,1
10,66,76,1
10,66,136,1
10,67,298,1
10,67,292,1
10,67,179,1
10,67,21,1
10,67,9,1
10,68,438,1
10,68,357,1
10,68,214,1
10,68,292,1
10,69,118,1
10,69,426,1
10,69,89,1
10,69,378,1
10,70,128,1
10,70,369,1
10,70,284,1
10,71,306,1
10,71,238,1
10,71,35,1
10,72,202,1
10,72,454,1
10,72,167,1
10,72,97,1
10,72,143,1
10,72,316,1
10,72,260,1
10,72,116,1
10,73,367,1
10,73,34,1
10,73,153,1
10,74,441,1
10,74,290,1
10,74,288,1
10,75,278,1
10,75,110,1
10,76,344,1
10,76,160,1
10,76,390,1
10,77,132,1
10,77,210,1
10,77,383,1
10,78,62,1
10,78,328,1
10,78,249,1
10,79,164,1
10,79,242,1
10,79,56,1
10,80,161,1
10,81,327,1
10,83,55,1
10,83,396,1
10,83,328,1
10,84,318,1
10,84,240,1
10,84,293,1
10,85,235,1
10,85,119,1
10,85,75,1
10,86,454,1
10,86,132,1
10,86,315,1
10,87,154,1
10,87,78,1
10,87,449,1
10,87,268,1
10,87,128,1
10,87,478,1
10,88,77,1
10,89,407,1
10,89,251,1
10,89,238,1
10,89,340,1
10,90,66,1
10,90,169,1
10,90,166,1
10,90,45,1
10,91,227,1
10,91,71,1
10,92,30,1
10,94,390,1
10,94,60,1
10,95,243,1
10,95,381,1
10,96,314,1
10,96,401,1
10,96,52,1
10,97,400,1
10,97,437,1
10,97,282,1
10,97,295,1
10,98,191,1
10,98,303,1
10,99,20,1
10,99,130,1
10,99,172,1
10,99,487,1
10,99,135,1
10,99,379,1
10,100,124,1
10,100,231,1
10,100,358,1
10,100,70,1
10,101,295,1
10,102,449,1
10,102,495,1
10,102,397,1
10,103,76,1
10,103,190,1
10,104,210,1
10,104,188,1
10,104,441,1
10,104,427,1
10,104,25,1
10,105,223,1
10,106,7,1
10,106,55,1
10,106,114,1
10,106,152,1
10,107,57,1
10,107,264,1
10,107,62,1
10,108,87,1
10,108,387,1
10,109,158,1
10,109,474,1
10,109,349,1
10,109,56,1
10,109,344,1
10,109,191,1
10,110,367,1
10,110,243,1
10,111,494,1
10,111,422,1
10,111,4,1
10,111,345,1
10,112,117,1
10,112,137,1
10,112,381,1
10,112,71,1
10,113,71,1
10,113,81,1
10,113,455,1
10,113,114,1
10,114,478,1
10,114,327,1
10,114,275,1
10,115,282,1
10,115,271,1
10,115,334,1
10,115,438,1
10,116,431,1
10,116,341,1
10,117,1,1
10,117,348,1
10,117,383,1
10,118,381,1
10,119,264,1
10,119,224,1
10,119,302,1
10,119,181,1
10,119,329,1
10,120,408,1
10,121,332,1
10,122,377,1
10,123,124,1
10,123,329,1
10,123,404,1
10,123,469,1
10,124,57,1
10,125,276,1
10,125,141,1
10,125,388,1
10,125,29,1
10,125,94,1
10,127,446,1
10,127,103,1
10,127,180,1
10,128,350,1
10,129,126,1
10,129,124,1
10,129,124,1
10,129,424,1
10,129,245,1
10,131,394,1
10,132,327,1
10,132,1,1
10,132,444,1
10,132,159,1
10,132,434,1
10,132,49,1
10,133,340,1
10,133,155,1
10,134,449,1
10,135,338,1
10,135,41,1
10,135,395,1
10,135,50,1
10,135,472,1
10,136,272,1
10,137,476,1
10,137,462,1
10,137,444,1
10,138,416,1
10,138,96,1
10,139,158,1
10,139,316,1
10,139,347,1
10,140,313,1
10,140,321,1
10,140,65,1
10,141,150,1
10,141,375,1
10,141,224,1
10,141,197,1
10,142,407,1
10,142,65,1
10,142,26,1
10,142,199,1
10,143,221,1
10,143,365,1
10,143,21,1
10,143,488,1
10,143,411,1
10,144,483,1
10,144,369,1
10,144,216,1
10,144,181,1
10,145,146,1
10,145,274,1
10,145,431,1
10,145,300,1
10,145,122,1
10,146,306,1
10,147,248,1
10,147,143,1
10,148,287,1
10,148,85,1
10,148,423,1
10,149,313,1
10,149,51,1
10,150,458,1
10,150,399,1
10,151,160,1
10,151,223,1
10,151,101,1
10,151,84,1
10,152,312,1
10,153,304,1
10,153,49,1
10,153,407,1
10,153,142,1
10,153,10,1
10,154,438,1
10,154,19,1
10,155,87,1
10,156,464,1
10,157,92,1
10,158,499,1
10,158,17,1
10,158,227,1
10,158,369,1
10,159,210,1
10,160,150,1
10,161,437,1
10,161,415,1
10,161,403,1
10,161,285,1
10,161,245,1
10,162,123,1
10,162,244,1
10,162,169,1
10,162,5,1
10,162,60,1
10,162,61,1
10,163,290,1
10,163,24,1
10,163,60,1
10,163,53,1
10,163,19,1
10,164,461,1
10,164,468,1
10,164,475,1
10,165,241,1
10,165,470,1
10,166,154,1
10,166,101,1
10,166,312,1
10,166,110,1
10,166,163,1
10,166,174,1
10,167,19,1
10,167,328,1
10,167,125,1
10,167,93,1
10,167,411,1
10,167,495,1
10,168,267,1
10,168,173,1
10,168,4,1
10,168,295,1
10,168,87,1
10,169,404,1
10,169,76,1
10,170,445,1
10,170,223,1
10,170,442,1
10,171,169,1
10,171,90,1
10,171,346,1
10,172,145,1
10,172,185,1
10,172,235,1
10,173,28,1
10,173,11,1
10,173,329,1
10,173,427,1
10,173,306,1
10,174,34,1
10,174,292,1
10,174,315,1
10,174,198,1
10,175,123,1
10,175,278,1
10,175,404,1
10,176,247,1
10,176,126,1
10,176,77,1
10,176,450,1
10,176,55,1
10,177,24,1
10,177,291,1
10,177,62,1
10,177,268,1
10,177,241,1
10,178,32,1
10,178,100,1
10,178,440,1
10,178,147,1
10,178,489,1
10,179,468,1
10,179,281,1
10,179,78,1
10,179,440,1
10,180,122,1
10,180,386,1
10,180,158,1
10,180,316,1
10,181,110,1
10,181,404,1
10,182,349,1
10,182,13,1
10,182,113,1
10,182,227,1
10,182,45,1
10,182,3,1
10,183,196,1
10,183,63,1
10,184,198,1
10,184,283,1
10,184,278,1
10,185,389,1
10,185,369,1
10,185,250,1
10,186,276,1
10,186,346,1
10,187,330,1
10,187,10,1
10,187,241,1
10,188,434,1
10,188,216,1
10,188,175,1
10,190,474,1
10,190,72,1
10,190,249,1
10,191,387,1
10,191,198,1
10,192,373,1
10,192,339,1
10,193,119,1
10,193,72,1
10,193,472,1
10,193,264,1
10,194,137,1
10,194,327,1
10,194,477,1
10,194,188,1
10,194,140,1
10,195,429,1
10,195,60,1
10,195,311,1
10,196,443,1
10,197,215,1
10,197,245,1
10,197,473,1
10,197,414,1
10,198,253,1
10,199,423,1
10,199,319,1
10,199,474,1
10,200,291,1
10,200,316,1
10,200,68,1
11,1,345,1
11,1,50,1
11,1,6,1
11,2,276,1
11,2,449,1
11,2,198,1
11,2,152,1
11,3,240,1
11,3,354,1
11,3,14,1
11,3,451,1
11,5,160,1
11,5,388,1
11,5,274,1
11,6,397,1
11,6,154,1
11,6,413,1
11,7,424,1
11,7,188,1
11,7,177,1
11,7,374,1
11,7,362,1
11,7,128,1
11,8,220,1
11,8,327,1
11,8,336,1
11,8,302,1
11,9,215,1
11,9,211,1
11,9,27,1
11,10,34,1
11,10,21,1
11,10,132,1
11,11,111,1
11,11,173,1
11,11,155,1
11,12,253,1
11,12,34,1
11,12,177,1
11,13,487,1
11,14,82,1
11,14,165,1
11,14,219,1
11,15,129,1
11,15,381,1
11,15,53,1
11,16,319,1
11,17,210,1
11,17,334,1
11,17,398,1
11,18,168,1
11,18,448,1
11,19,286,1
11,19,316,1
11,19,121,1
11,20,58,1
11,20,159,1
11,20,302,1
11,21,76,1
11,21,38,1
11,22,363,1
11,22,356,1
11,23,336,1
11,23,222,1
11,24,437,1
11,24,398,1
11,25,187,1
11,25,241,1
11,25,389,1
11,25,408,1
11,25,389,1
11,26,364,1
11,27,250,1
11,27,411,1
11,27,217,1
11,27,120,1
11,27,237,1
11,27,275,1
11,27,432,1
11,27,478,1
11,28,320,1
11,28,342,1
11,29,316,1
11,29,287,1
11,30,151,1
11,30,435,1
11,30,136,1
11,31,412,1
11,31,419,1
11,32,1,1
11,32,59,1
11,32,106,1
11,32,455,1
11,32,390,1
11,34,469,1
11,34,198,1
11,34,4,1
11,35,14,1
11,35,304,1
11,35,454,1
11,35,264,1
11,36,3,1
11,36,134,1
11,37,240,1
11,37,180,1
11,37,396,1
11,37,368,1
11,38,471,1
11,38,47,1
11,38,241,1
11,38,420,1
11,38,480,1
11,39,148,1
11,39,17,1
11,39,453,1
11,39,495,1
11,39,342,1
11,40,234,1
11,40,261,1
11,41,110,1
11,43,143,1
11,43,375,1
11,43,291,1
11,43,152,1
11,44,131,1
11,44,212,1
11,44,220,1
11,45,443,1
11,45,115,1
11,46,338,1
11,46,459,1
11,46,150,1
11,47,103,1
11,48,100,1
11,48,367,1
11,48,371,1
11,49,111,1
11,49,388,1
11,50,268,1
11,50,36,1
11,50,448,1
11,50,146,1
11,50,189,1
11,50,492,1
11,50,264,1
11,51,374,1
11,51,49,1
11,52,338,1
11,52,262,1
11,52,207,1
11,52,279,1
11,52,281,1
11,53,441,1
11,53,134,1
11,53,129,1
11,53,69,1
11,53,203,1
11,55,63,1
11,55,295,1
11,55,169,1
11,55,49,1
11,57,432,1
11,57,216,1
11,57,228,1
11,57,414,1
11,57,26,1
11,57,399,1
11,58,345,1
11,58,261,1
11,58,6,1
11,59,124,1
11,59,152,1
11,59,232,1
11,59,280,1
11,60,317,1
11,60,4,1
11,61,419,1
11,61,96,1
11,62,132,1
11,62,191,1
11,63,161,1
11,63,392,1
11,63,436,1
11,63,302,1
11,63,33,1
11,63,63,1
11,64,256,1
11,64,475,1
11,65,127,1
11,65,244,1
11,65,186,1
11,66,336,1
11,66,221,1
11,66,470,1
11,66,64,1
11,66,237,1
11,67,234,1
11,68,417,1
11,68,112,1
11,68,266,1
11,68,79,1
11,70,351,1
11,70,164,1
11,71,346,1
11,71,108,1
11,72,135,1
11,72,315,1
11,72,470,1
11,72,178,1
11,72,157,1
11,72,92,1
11,73,204,1
11,73,374,1
11,73,235,1
11,74,65,1
11,74,86,1
11,74,281,1
11,74,121,1
11,75,105,1
11,75,467,1
11,75,393,1
11,75,188,1
11,76,182,1
11,76,455,1
11,77,157,1
11,77,10,1
11,77,25,1
11,77,380,1
11,77,126,1
11,77,390,1
11,78,27,1
11,78,478,1
11,78,440,1
11,79,473,1
11,80,347,1
11,80,309,1
11,80,181,1
11,80,377,1
11,80,488,1
11,80,493,1
11,81,455,1
11,81,278,1
11,82,425,1
11,82,127,1
11,83,199,1
11,83,462,1
11,83,145,1
11,83,207,1
11,83,304,1
11,84,284,1
11,84,165,1
11,84,414,1
11,85,455,1
11,86,157,1
11,86,224,1
11,86,468,1
11,87,226,1
11,87,47,1
11,87,181,1
11,87,30,1
11,87,4,1
11,88,336,1
11,89,127,1
11,89,96,1
11,89,263,1
11,90,338,1
11,90,75,1
11,90,84,1
11,90,272,1
11,91,360,1
11,91,122,1
11,91,44,1
11,92,85,1
11,92,147,1
11,93,399,1
11,93,184,1
11,94,257,1
11,94,244,1
11,95,185,1
11,95,105,1
11,95,64,1
11,96,146,1
11,96,342,1
11,97,400,1
11,97,463,1
11,98,336,1
11,98,84,1
11,98,229,1
11,99,18,1
11,99,153,1
11,100,218,1
11,100,323,1
11,100,216,1
11,100,450,1
11,100,375,1
11,101,494,1
11,102,24,1
11,102,200,1
11,102,41,1
11,102,261,1
11,102,418,1
11,102,97,1
11,102,11,1
11,102,456,1
11,102,55,1
11,102,454,1
11,103,485,1
11,103,301,1
11,104,139,1
11,104,202,1
11,104,120,1
11,104,445,1
11,104,304,1
11,104,262,1
11,105,434,1
11,105,31,1
11,106,9,1
11,106,403,1
11,106,10,1
11,106,490,1
11,106,23,1
11,107,34,1
11,107,260,1
11,107,200,1
11,107,95,1
11,108,337,1
11,108,423,1
11,108,24,1
11,108,6,1
11,109,271,1
11,110,462,1
11,111,128,1
11,111,98,1
11,111,43,1
11,112,10,1
11,113,31,1
11,113,142,1
11,114,278,1
11,114,339,1
11,114,266,1
11,114,333,1
11,114,199,1
11,115,243,1
11,115,132,1
11,115,286,1
11,115,357,1
11,116,55,1
11,116,325,1
11,116,274,1
11,117,356,1
11,117,388,1
11,118,244,1
11,120,46,1
11,121,74,1
11,121,456,1
11,121,267,1
11,121,239,1
11,121,307,1
11,121,150,1
11,122,108,1
11,122,490,1
11,123,439,1
11,123,33,1
11,123,83,1
11,124,119,1
11,124,75,1
11,125,34,1
11,125,339,1
11,125,68,1
11,125,360,1
11,125,24,1
11,126,71,1
11,126,405,1
11,126,51,1
11,126,131,1
11,126,70,1
11,126,412,1
11,126,289,1
11,127,487,1
11,127,144,1
11,127,193,1
11,127,217,1
11,127,178,1
11,128,213,1
11,128,271,1
11,128,242,1
11,128,384,1
11,129,27,1
11,130,461,1
11,130,20,1
11,130,135,1
11,130,308,1
11,130,93,1
11,130,66,1
11,131,118,1
11,131,363,1
11,132,230,1
11,132,223,1
11,132,12,1
11,132,330,1
11,133,59,1
11,133,55,1
11,133,137,1
11,133,131,1
11,134,59,1
11,134,204,1
11,134,170,1
11,136,295,1
11,137,77,1
11,137,34,1
11,137,199,1
11,137,168,1
11,137,272,1
11,138,258,1
11,138,268,1
11,138,154,1
11,139,110,1
11,139,280,1
11,139,386,1
11,139,128,1
11,140,350,1
11,140,133,1
11,140,365,1
11,141,181,1
11,141,21,1
11,141,373,1
11,142,281,1
11,142,257,1
11,143,83,1
11,143,122,1
11,143,62,1
11,143,182,1
11,143,134,1
11,144,416,1
11,145,363,1
11,145,385,1
11,145,94,1
11,146,37,1
11,146,154,1
11,146,413,1
11,146,115,1
11,146,170,1
11,147,218,1
11,147,170,1
11,148,147,1
11,148,275,1
11,148,344,1
11,149,337,1
11,149,410,1
11,149,485,1
11,149,206,1
11,149,301,1
11,149,402,1
11,150,116,1
11,150,307,1
11,150,9,1
11,151,188,1
11,151,357,1
11,151,335,1
11,151,481,1
11,151,133,1
11,151,244,1
11,152,361,1
11,152,367,1
11,153,206,1
11,153,33,1
11,153,489,1
11,153,215,1
11,153,180,1
11,154,394,1
11,154,33,1
11,154,406,1
11,154,473,1
11,154,176,1
11,155,228,1
11,156,194,1
11,156,424,1
11,157,74,1
11,157,209,1
11,157,79,1
11,157,249,1
11,157,340,1
11,158,130,1
11,159,417,1
11,159,242,1
11,159,455,1
11,159,301,1
11,159,345,1
11,159,112,1
11,160,489,1
11,160,248,1
11,160,78,1
11,160,323,1
11,161,11,1
11,161,451,1
11,161,33,1
11,161,40,1
11,162,128,1
11,162,346,1
11,162,125,1
11,163,167,1
11,163,39,1
11,163,416,1
11,164,403,1
11,164,419,1
11,165,256,1
11,166,262,1
11,166,110,1
11,166,88,1
11,166,28,1
11,166,93,1
11,167,284,1
11,167,171,1
11,167,86,1
11,168,389,1
11,168,321,1
11,168,19,1
11,168,178,1
11,168,452,1
11,169,298,1
11,169,409,1
11,169,198,1
11,170,162,1
11,170,416,1
11,170,362,1
11,170,203,1
11,170,400,1
11,171,395,1
11,171,246,1
11,171,233,1
11,172,71,1
11,172,496,1
11,173,104,1
11,173,223,1
11,173,188,1
11,174,211,1
11,174,241,1
11,174,104,1
11,174,125,1
11,174,405,1
11,175,43,1
11,176,387,1
11,176,128,1
11,177,480,1
11,177,320,1
11,177,437,1
11,177,389,1
11,178,40,1
11,178,298,1
11,178,163,1
11,178,277,1
11,179,35,1
11,180,254,1
11,180,306,1
11,181,477,1
11,181,139,1
11,182,334,1
11,182,231,1
11,183,16,1
11,183,289,1
11,183,415,1
11,183,50,1
11,183,171,1
11,183,331,1
11,183,74,1
11,183,109,1
11,184,35,1
11,184,43,1
11,185,286,1
11,186,224,1
11,187,168,1
11,187,202,1
11,187,266,1
11,187,86,1
11,188,471,1
11,189,108,1
11,189,87,1
11,189,193,1
11,189,16,1
11,190,500,1
11,190,460,1
11,190,274,1
11,191,119,1
11,192,121,1
11,192,99,1
11,192,493,1
11,192,15,1
11,193,414,1
11,193,152,1
11,194,153,1
11,195,336,1
11,195,268,1
11,195,156,1
11,195,200,1
11,195,68,1
11,195,249,1
11,195,295,1
11,196,436,1
11,196,387,1
11,196,380,1
11,197,101,1
11,197,478,1
11,197,293,1
11,197,235,1
11,197,404,1
11,197,350,1
11,198,187,1
11,198,422,1
11,199,173,1
11,199,59,1
11,199,475,1
11,199,5,1
11,199,415,1
11,199,211,1
11,200,139,1
11,200,227,1
11,200,140,1
11,200,125,1
12,1,280,1
12,1,123,1
12,1,111,1
12,1,291,1
12,1,446,1
12,2,347,1
12,2,466,1
12,3,433,1
12,3,477,1
12,3,284,1
12,4,326,1
12,6,131,1
12,7,304,1
12,7,217,1
12,7,108,1
12,7,391,1
12,8,6,1
12,9,287,1
12,9,467,1
12,9,456,1
12,9,69,1
12,9,264,1
12,10,130,1
12,10,332,1
12,10,381,1
12,10,251,1
12,11,221,1
12,11,68,1
12,11,308,1
12,11,8,1
12,12,63,1
12,12,108,1
12,12,156,1
12,13,370,1
12,13,181,1
12,14,116,1
12,14,401,1
12,15,485,1
12,15,403,1
12,15,18,1
12,15,367,1
12,16,230,1
12,16,50,1
12,17,238,1
12,17,416,1
12,18,401,1
12,19,226,1
12,19,170,1
12,19,367,1
12,19,242,1
12,19,285,1
12,20,121,1
12,21,175,1
12,21,276,1
12,21,208,1
12,21,42,1
12,21,103,1
12,24,421,1
12,24,273,1
12,25,472,1
12,25,241,1
12,25,278,1
12,26,431,1
12,26,27,1
12,26,268,1
12,27,43,1
12,27,313,1
12,28,450,1
12,28,334,1
12,28,398,1
12,29,21,1
12,30,330,1
12,31,37,1
12,31,186,1
12,32,117,1
12,32,90,1
12,32,148,1
12,32,184,1
12,32,178,1
12,32,384,1
12,33,382,1
12,33,74,1
12,33,370,1
12,33,371,1
12,33,261,1
12,33,18,1
12,34,491,1
12,34,430,1
12,34,483,1
12,34,437,1
12,35,349,1
12,35,412,1
12,35,9,1
12,35,244,1
12,35,58,1
12,36,319,1
12,36,135,1
12,36,397,1
12,36,306,1
12,37,160,1
12,37,418,1
12,38,397,1
12,38,138,1
12,38,147,1
12,39,91,1
12,39,91,1
12,39,64,1
12,39,193,1
12,39,272,1
12,41,127,1
12,41,104,1
12,41,74,1
12,41,41,1
12,41,139,1
12,41,3,1
12,41,369,1
12,42,103,1
12,42,274,1
12,42,233,1
12,43,51,1
12,43,124,1
12,43,213,1
12,44,64,1
12,44,422,1
12,44,238,1
12,44,404,1
12,45,168,1
12,45,381,1
12,45,126,1
12,45,424,1
12,45,75,1
12,46,317,1
12,46,230,1
12,46,56,1
12,46,495,1
12,47,167,1
12,47,428,1
12,47,353,1
12,49,314,1
12,49,492,1
12,50,326,1
12,50,138,1
12,50,293,1
12,51,161,1
12,52,137,1
12,52,318,1
12,52,75,1
12,52,18,1
12,52,336,1
12,52,232,1
12,52,321,1
12,52,419,1
12,53,22,1
12,53,287,1
12,53,178,1
12,53,127,1
12,53,8,1
12,54,112,1
12,54,68,1
12,54,310,1
12,55,153,1
12,55,129,1
12,56,278,1
12,56,327,1
12,57,459,1
12,57,47,1
12,57,348,1
12,57,277,1
12,58,43,1
12,58,55,1
12,58,209,1
12,58,132,1
12,59,30,1
12,59,438,1
12,59,173,1
12,60,65,1
12,61,425,1
12,61,347,1
12,61,201,1
12,61,15,1
12,62,78,1
12,62,71,1
12,62,190,1
12,62,259,1
12,63,189,1
12,63,45,1
12,63,368,1
12,63,354,1
12,63,494,1
12,63,265,1
12,63,266,1
12,64,9,1
12,64,48,1
12,65,328,1
12,65,55,1
12,65,467,1
12,65,290,1
12,65,26,1
12,66,294,1
12,66,278,1
12,66,436,1
12,66,58,1
12,67,155,1
12,67,253,1
12,67,307,1
12,67,22,1
12,67,45,1
12,68,464,1
12,68,309,1
12,68,385,1
12,68,470,1
12,68,24,1
12,68,281,1
12,68,121,1
12,69,403,1
12,69,319,1
12,69,351,1
12,69,498,1
12,69,194,1
12,70,414,1
12,70,116,1
12,70,462,1
12,71,432,1
12,72,256,1
12,72,415,1
12,72,330,1
12,72,255,1
12,72,230,1
12,72,230,1
12,73,420,1
12,73,131,1
12,73,500,1
12,74,330,1
12,74,228,1
12,74,493,1
12,75,481,1
12,75,214,1
12,75,422,1
12,75,439,1
12,75,144,1
12,76,125,1
12,76,25,1
12,76,247,1
12,76,259,1
12,76,15,1
12,77,208,1
12,77,489,1
12,78,363,1
12,78,364,1
12,78,272,1
12,79,367,1
12,79,12,1
12,80,403,1
12,80,433,1
12,80,72,1
12,80,342,1
12,81,407,1
12,81,419,1
12,81,23,1
12,81,64,1
12,81,80,1
12,82,228,1
12,83,482,1
12,83,246,1
12,83,375,1
12,83,321,1
12,83,331,1
12,84,354,1
12,84,375,1
12,85,154,1
12,85,316,1
12,86,130,1
12,86,161,1
12,86,40,1
12,86,250,1
12,88,243,1
12,88,27,1
12,88,142,1
12,89,460,1
12,89,489,1
12,89,387,1
12,90,47,1
12,90,6,1
12,90,377,1
12,90,491,1
12,91,318,1
12,91,11,1
12,92,306,1
12,93,341,1
12,93,424,1
12,93,192,1
12,93,477,1
12,94,391,1
12,94,218,1
12,94,480,1
12,95,334,1
12,96,29,1
12,96,19,1
12,96,452,1
12,96,152,1
12,97,72,1
12,98,461,1
12,98,214,1
12,99,186,1
12,99,309,1
12,100,142,1
12,100,370,1
12,100,360,1
12,100,345,1
12,101,61,1
12,101,243,1
12,101,266,1
12,101,124,1
12,102,311,1
12,102,51,1
12,102,48,1
12,103,418,1
12,103,204,1
12,103,405,1
12,103,267,1
12,103,13,1
12,103,165,1
12,104,428,1
12,104,206,1
12,104,280,1
12,104,466,1
12,106,174,1
12,106,370,1
12,106,273,1
12,107,17,1
12,107,155,1
12,107,155,1
12,108,265,1
12,108,423,1
12,108,500,1
12,108,423,1
12,108,132,1
12,108,208,1
12,109,98,1
12,110,224,1
12,110,444,1
12,110,231,1
12,110,187,1
12,110,272,1
12,111,133,1
12,111,343,1
12,111,88,1
12,111,335,1
12,111,240,1
12,112,254,1
12,112,179,1
12,112,152,1
12,112,379,1
12,112,96,1
12,112,82,1
12,113,301,1
12,113,370,1
12,113,44,1
12,113,390,1
12,114,19,1
12,114,269,1
12,115,106,1
12,115,289,1
12,115,422,1
12,115,23,1
12,115,343,1
12,116,287,1
12,116,350,1
12,116,209,1
12,117,472,1
12,117,405,1
12,117,210,1
12,118,430,1
12,118,141,1
12,119,102,1
12,119,198,1
12,119,368,1
12,120,139,1
12,120,366,1
12,120,42,1
12,121,107,1
12,121,10,1
12,121,220,1
12,121,256,1
12,122,249,1
12,122,264,1
12,122,22,1
12,123,40,1
12,123,28,1
12,123,458,1
12,123,34,1
12,123,483,1
12,124,166,1
12,124,484,1
12,124,218,1
12,124,12,1
12,125,486,1
12,125,304,1
12,126,287,1
12,126,25,1
12,127,314,1
12,128,499,1
12,128,354,1
12,129,173,1
12,129,369,1
12,129,326,1
12,129,464,1
12,129,153,1
12,130,230,1
12,130,252,1
12,130,220,1
12,131,88,1
12,131,72,1
12,131,385,1
12,132,490,1
12,133,216,1
12,133,242,1
12,134,134,1
12,134,340,1
12,135,127,1
12,135,57,1
12,135,197,1
12,135,317,1
12,136,422,1
12,137,402,1
12,137,82,1
12,137,458,1
12,137,165,1
12,138,53,1
12,138,174,1
12,138,41,1
12,138,382,1
12,138,334,1
12,138,336,1
12,139,478,1
12,140,476,1
12,140,358,1
12,140,277,1
12,140,367,1
12,140,59,1
12,140,302,1
12,141,37,1
12,142,153,1
12,143,132,1
12,143,169,1
12,143,77,1
12,143,284,1
12,143,85,1
12,143,323,1
12,143,403,1
12,144,172,1
12,145,225,1
12,146,286,1
12,146,210,1
12,147,165,1
12,147,278,1
12,147,46,1
12,147,110,1
12,147,94,1
12,147,160,1
12,148,297,1
12,148,209,1
12,148,344,1
12,148,378,1
12,149,172,1
12,149,413,1
12,149,179,1
12,149,207,1
12,150,452,1
12,150,41,1
12,150,334,1
12,150,37,1
12,151,165,1
12,151,118,1
12,151,24,1
12,153,189,1
12,153,245,1
12,153,219,1
12,154,398,1
12,154,46,1
12,154,262,1
12,154,174,1
12,154,107,1
12,154,493,1
12,155,284,1
12,155,416,1
12,155,287,1
12,155,480,1
12,156,62,1
12,156,215,1
12,158,227,1
12,158,433,1
12,159,350,1
12,159,485,1
12,160,475,1
12,160,168,1
12,160,365,1
12,160,105,1
12,161,97,1
12,162,346,1
12,162,163,1
12,162,107,1
12,163,314,1
12,163,96,1
12,163,356,1
12,163,485,1
12,164,400,1
12,165,192,1
12,166,179,1
12,166,264,1
12,166,36,1
12,167,112,1
12,167,450,1
12,168,486,1
12,168,441,1
12,168,134,1
12,168,243,1
12,168,459,1
12,168,25,1
12,169,438,1
12,169,106,1
12,170,394,1
12,170,282,1
12,171,353,1
12,171,229,1
12,171,394,1
12,171,359,1
12,172,114,1
12,172,77,1
12,172,46,1
12,173,8,1
12,173,366,1
12,174,114,1
12,174,17,1
12,175,237,1
12,175,385,1
12,175,132,1
12,175,329,1
12,176,160,1
12,176,154,1
12,177,372,1
12,177,320,1
12,177,399,1
12,177,323,1
12,178,201,1
12,179,278,1
12,180,229,1
12,180,135,1
12,180,178,1
12,181,14,1
12,181,343,1
12,181,452,1
12,182,150,1
12,182,74,1
12,182,170,1
12,183,422,1
12,183,225,1
12,183,259,1
12,184,293,1
12,185,185,1
12,185,333,1
12,186,489,1
12,186,58,1
12,186,100,1
12,186,144,1
12,186,304,1
12,187,244,1
12,187,485,1
12,188,198,1
12,188,61,1
12,188,463,1
12,189,324,1
12,189,172,1
12,189,277,1
12,190,172,1
12,190,443,1
12,191,370,1
12,191,304,1
12,191,486,1
12,191,88,1
12,191,138,1
12,191,224,1
12,192,237,1
12,192,113,1
12,192,192,1
12,192,483,1
12,192,420,1
12,192,131,1
12,193,358,1
12,194,161,1
12,194,322,1
12,194,65,1
12,195,427,1
12,195,366,1
12,195,53,1
12,195,294,1
12,196,381,1
12,196,258,1
12,197,155,1
12,197,366,1
12,197,271,1
12,197,331,1
12,197,206,1
12,197,319,1
12,198,348,1
12,198,31,1
12,198,107,1
12,198,113,1
12,199,465,1
12,199,275,1
12,199,114,1
12,200,31,1
12,200,114,1
